> Task :compileJava UP-TO-DATE
> Task :processResources
> Task :classes
> Task :resolveMainClassName

> Task :bootRun

  .   ____          _            __ _ _
 /\\ / ___'_ __ _ _(_)_ __  __ _ \ \ \ \
( ( )\___ | '_ | '_| | '_ \/ _` | \ \ \ \
 \\/  ___)| |_)| | | | | || (_| |  ) ) ) )
  '  |____| .__|_| |_|_| |_\__, | / / / /
 =========|_|==============|___/=/_/_/_/

 :: Spring Boot ::                (v4.0.3)

2026-06-03T14:46:41.558+09:00  INFO 19664 --- [koalaback] [  restartedMain] com.koala.koalaback.KoalaApplication     : Starting KoalaApplication using Java 21.0.7 with PID 19664 (C:\KoALa\KoALa-back\build\classes\java\main started by happy in C:\KoALa\KoALa-back)
2026-06-03T14:46:41.566+09:00 DEBUG 19664 --- [koalaback] [  restartedMain] com.koala.koalaback.KoalaApplication     : Running with Spring Boot v4.0.3, Spring v7.0.5
2026-06-03T14:46:41.568+09:00  INFO 19664 --- [koalaback] [  restartedMain] com.koala.koalaback.KoalaApplication     : The following 1 profile is active: "local"
2026-06-03T14:46:41.717+09:00  INFO 19664 --- [koalaback] [  restartedMain] .e.DevToolsPropertyDefaultsPostProcessor : Devtools property defaults active! Set 'spring.devtools.add-properties' to 'false' to disable
2026-06-03T14:46:41.717+09:00  INFO 19664 --- [koalaback] [  restartedMain] .e.DevToolsPropertyDefaultsPostProcessor : For additional web related logging consider setting the 'logging.level.web' property to 'DEBUG'
2026-06-03T14:46:44.922+09:00  INFO 19664 --- [koalaback] [  restartedMain] .s.d.r.c.RepositoryConfigurationDelegate : Multiple Spring Data modules found, entering strict repository configuration mode
2026-06-03T14:46:44.927+09:00  INFO 19664 --- [koalaback] [  restartedMain] .s.d.r.c.RepositoryConfigurationDelegate : Bootstrapping Spring Data JPA repositories in DEFAULT mode.
2026-06-03T14:46:45.546+09:00  INFO 19664 --- [koalaback] [  restartedMain] .RepositoryConfigurationExtensionSupport : Spring Data JPA - Could not safely identify store assignment for repository candidate interface com.koala.koalaback.domain.user.repository.RefreshTokenRepository; If you want this repository to be a JPA repository, consider annotating your entities with one of these annotations: jakarta.persistence.Entity, jakarta.persistence.MappedSuperclass (preferred), or consider extending one of the following types with your repository: org.springframework.data.jpa.repository.JpaRepository
2026-06-03T14:46:45.727+09:00  INFO 19664 --- [koalaback] [  restartedMain] .s.d.r.c.RepositoryConfigurationDelegate : Finished Spring Data repository scanning in 773 ms. Found 29 JPA repository interfaces.
2026-06-03T14:46:45.843+09:00  INFO 19664 --- [koalaback] [  restartedMain] .s.d.r.c.RepositoryConfigurationDelegate : Multiple Spring Data modules found, entering strict repository configuration mode
2026-06-03T14:46:45.846+09:00  INFO 19664 --- [koalaback] [  restartedMain] .s.d.r.c.RepositoryConfigurationDelegate : Bootstrapping Spring Data Redis repositories in DEFAULT mode.
2026-06-03T14:46:45.945+09:00  INFO 19664 --- [koalaback] [  restartedMain] .RepositoryConfigurationExtensionSupport : Spring Data Redis - Could not safely identify store assignment for repository candidate interface com.koala.koalaback.domain.admin.repository.AdminAuditLogRepository; If you want this repository to be a Redis repository, consider annotating your entities with one of these annotations: org.springframework.data.redis.core.RedisHash (preferred), or consider extending one of the following types with your repository: org.springframework.data.keyvalue.repository.KeyValueRepository
2026-06-03T14:46:45.949+09:00  INFO 19664 --- [koalaback] [  restartedMain] .RepositoryConfigurationExtensionSupport : Spring Data Redis - Could not safely identify store assignment for repository candidate interface com.koala.koalaback.domain.admin.repository.AdminRepository; If you want this repository to be a Redis repository, consider annotating your entities with one of these annotations: org.springframework.data.redis.core.RedisHash (preferred), or consider extending one of the following types with your repository: org.springframework.data.keyvalue.repository.KeyValueRepository
2026-06-03T14:46:45.950+09:00  INFO 19664 --- [koalaback] [  restartedMain] .RepositoryConfigurationExtensionSupport : Spring Data Redis - Could not safely identify store assignment for repository candidate interface com.koala.koalaback.domain.admin.repository.AdminRoleRepository; If you want this repository to be a Redis repository, consider annotating your entities with one of these annotations: org.springframework.data.redis.core.RedisHash (preferred), or consider extending one of the following types with your repository: org.springframework.data.keyvalue.repository.KeyValueRepository
2026-06-03T14:46:45.950+09:00  INFO 19664 --- [koalaback] [  restartedMain] .RepositoryConfigurationExtensionSupport : Spring Data Redis - Could not safely identify store assignment for repository candidate interface com.koala.koalaback.domain.artist.repository.ArtistCareerRepository; If you want this repository to be a Redis repository, consider annotating your entities with one of these annotations: org.springframework.data.redis.core.RedisHash (preferred), or consider extending one of the following types with your repository: org.springframework.data.keyvalue.repository.KeyValueRepository
2026-06-03T14:46:45.954+09:00  INFO 19664 --- [koalaback] [  restartedMain] .RepositoryConfigurationExtensionSupport : Spring Data Redis - Could not safely identify store assignment for repository candidate interface com.koala.koalaback.domain.artist.repository.ArtistFollowRepository; If you want this repository to be a Redis repository, consider annotating your entities with one of these annotations: org.springframework.data.redis.core.RedisHash (preferred), or consider extending one of the following types with your repository: org.springframework.data.keyvalue.repository.KeyValueRepository
2026-06-03T14:46:45.955+09:00  INFO 19664 --- [koalaback] [  restartedMain] .RepositoryConfigurationExtensionSupport : Spring Data Redis - Could not safely identify store assignment for repository candidate interface com.koala.koalaback.domain.artist.repository.ArtistMediaRepository; If you want this repository to be a Redis repository, consider annotating your entities with one of these annotations: org.springframework.data.redis.core.RedisHash (preferred), or consider extending one of the following types with your repository: org.springframework.data.keyvalue.repository.KeyValueRepository
2026-06-03T14:46:45.956+09:00  INFO 19664 --- [koalaback] [  restartedMain] .RepositoryConfigurationExtensionSupport : Spring Data Redis - Could not safely identify store assignment for repository candidate interface com.koala.koalaback.domain.artist.repository.ArtistRepository; If you want this repository to be a Redis repository, consider annotating your entities with one of these annotations: org.springframework.data.redis.core.RedisHash (preferred), or consider extending one of the following types with your repository: org.springframework.data.keyvalue.repository.KeyValueRepository
2026-06-03T14:46:45.957+09:00  INFO 19664 --- [koalaback] [  restartedMain] .RepositoryConfigurationExtensionSupport : Spring Data Redis - Could not safely identify store assignment for repository candidate interface com.koala.koalaback.domain.artwork.repository.ArtworkRepository; If you want this repository to be a Redis repository, consider annotating your entities with one of these annotations: org.springframework.data.redis.core.RedisHash (preferred), or consider extending one of the following types with your repository: org.springframework.data.keyvalue.repository.KeyValueRepository
2026-06-03T14:46:45.957+09:00  INFO 19664 --- [koalaback] [  restartedMain] .RepositoryConfigurationExtensionSupport : Spring Data Redis - Could not safely identify store assignment for repository candidate interface com.koala.koalaback.domain.banner.repository.BannerRepository; If you want this repository to be a Redis repository, consider annotating your entities with one of these annotations: org.springframework.data.redis.core.RedisHash (preferred), or consider extending one of the following types with your repository: org.springframework.data.keyvalue.repository.KeyValueRepository
2026-06-03T14:46:45.957+09:00  INFO 19664 --- [koalaback] [  restartedMain] .RepositoryConfigurationExtensionSupport : Spring Data Redis - Could not safely identify store assignment for repository candidate interface com.koala.koalaback.domain.cart.repository.CartItemRepository; If you want this repository to be a Redis repository, consider annotating your entities with one of these annotations: org.springframework.data.redis.core.RedisHash (preferred), or consider extending one of the following types with your repository: org.springframework.data.keyvalue.repository.KeyValueRepository
2026-06-03T14:46:45.958+09:00  INFO 19664 --- [koalaback] [  restartedMain] .RepositoryConfigurationExtensionSupport : Spring Data Redis - Could not safely identify store assignment for repository candidate interface com.koala.koalaback.domain.cart.repository.CartRepository; If you want this repository to be a Redis repository, consider annotating your entities with one of these annotations: org.springframework.data.redis.core.RedisHash (preferred), or consider extending one of the following types with your repository: org.springframework.data.keyvalue.repository.KeyValueRepository
2026-06-03T14:46:45.959+09:00  INFO 19664 --- [koalaback] [  restartedMain] .RepositoryConfigurationExtensionSupport : Spring Data Redis - Could not safely identify store assignment for repository candidate interface com.koala.koalaback.domain.inquiry.repository.InquiryRepository; If you want this repository to be a Redis repository, consider annotating your entities with one of these annotations: org.springframework.data.redis.core.RedisHash (preferred), or consider extending one of the following types with your repository: org.springframework.data.keyvalue.repository.KeyValueRepository
2026-06-03T14:46:45.960+09:00  INFO 19664 --- [koalaback] [  restartedMain] .RepositoryConfigurationExtensionSupport : Spring Data Redis - Could not safely identify store assignment for repository candidate interface com.koala.koalaback.domain.notice.repository.NoticeRepository; If you want this repository to be a Redis repository, consider annotating your entities with one of these annotations: org.springframework.data.redis.core.RedisHash (preferred), or consider extending one of the following types with your repository: org.springframework.data.keyvalue.repository.KeyValueRepository
2026-06-03T14:46:45.961+09:00  INFO 19664 --- [koalaback] [  restartedMain] .RepositoryConfigurationExtensionSupport : Spring Data Redis - Could not safely identify store assignment for repository candidate interface com.koala.koalaback.domain.order.repository.OrderItemRepository; If you want this repository to be a Redis repository, consider annotating your entities with one of these annotations: org.springframework.data.redis.core.RedisHash (preferred), or consider extending one of the following types with your repository: org.springframework.data.keyvalue.repository.KeyValueRepository
2026-06-03T14:46:45.961+09:00  INFO 19664 --- [koalaback] [  restartedMain] .RepositoryConfigurationExtensionSupport : Spring Data Redis - Could not safely identify store assignment for repository candidate interface com.koala.koalaback.domain.order.repository.OrderRepository; If you want this repository to be a Redis repository, consider annotating your entities with one of these annotations: org.springframework.data.redis.core.RedisHash (preferred), or consider extending one of the following types with your repository: org.springframework.data.keyvalue.repository.KeyValueRepository
2026-06-03T14:46:45.963+09:00  INFO 19664 --- [koalaback] [  restartedMain] .RepositoryConfigurationExtensionSupport : Spring Data Redis - Could not safely identify store assignment for repository candidate interface com.koala.koalaback.domain.order.repository.OrderShipmentRepository; If you want this repository to be a Redis repository, consider annotating your entities with one of these annotations: org.springframework.data.redis.core.RedisHash (preferred), or consider extending one of the following types with your repository: org.springframework.data.keyvalue.repository.KeyValueRepository
2026-06-03T14:46:45.964+09:00  INFO 19664 --- [koalaback] [  restartedMain] .RepositoryConfigurationExtensionSupport : Spring Data Redis - Could not safely identify store assignment for repository candidate interface com.koala.koalaback.domain.payment.repository.PaymentEventRepository; If you want this repository to be a Redis repository, consider annotating your entities with one of these annotations: org.springframework.data.redis.core.RedisHash (preferred), or consider extending one of the following types with your repository: org.springframework.data.keyvalue.repository.KeyValueRepository
2026-06-03T14:46:45.965+09:00  INFO 19664 --- [koalaback] [  restartedMain] .RepositoryConfigurationExtensionSupport : Spring Data Redis - Could not safely identify store assignment for repository candidate interface com.koala.koalaback.domain.payment.repository.PaymentRepository; If you want this repository to be a Redis repository, consider annotating your entities with one of these annotations: org.springframework.data.redis.core.RedisHash (preferred), or consider extending one of the following types with your repository: org.springframework.data.keyvalue.repository.KeyValueRepository
2026-06-03T14:46:45.965+09:00  INFO 19664 --- [koalaback] [  restartedMain] .RepositoryConfigurationExtensionSupport : Spring Data Redis - Could not safely identify store assignment for repository candidate interface com.koala.koalaback.domain.returnrequest.repository.ReturnRequestRepository; If you want this repository to be a Redis repository, consider annotating your entities with one of these annotations: org.springframework.data.redis.core.RedisHash (preferred), or consider extending one of the following types with your repository: org.springframework.data.keyvalue.repository.KeyValueRepository
2026-06-03T14:46:45.966+09:00  INFO 19664 --- [koalaback] [  restartedMain] .RepositoryConfigurationExtensionSupport : Spring Data Redis - Could not safely identify store assignment for repository candidate interface com.koala.koalaback.domain.review.repository.SkuReviewMediaRepository; If you want this repository to be a Redis repository, consider annotating your entities with one of these annotations: org.springframework.data.redis.core.RedisHash (preferred), or consider extending one of the following types with your repository: org.springframework.data.keyvalue.repository.KeyValueRepository
2026-06-03T14:46:45.966+09:00  INFO 19664 --- [koalaback] [  restartedMain] .RepositoryConfigurationExtensionSupport : Spring Data Redis - Could not safely identify store assignment for repository candidate interface com.koala.koalaback.domain.review.repository.SkuReviewRepository; If you want this repository to be a Redis repository, consider annotating your entities with one of these annotations: org.springframework.data.redis.core.RedisHash (preferred), or consider extending one of the following types with your repository: org.springframework.data.keyvalue.repository.KeyValueRepository
2026-06-03T14:46:45.967+09:00  INFO 19664 --- [koalaback] [  restartedMain] .RepositoryConfigurationExtensionSupport : Spring Data Redis - Could not safely identify store assignment for repository candidate interface com.koala.koalaback.domain.sku.repository.SkuMediaRepository; If you want this repository to be a Redis repository, consider annotating your entities with one of these annotations: org.springframework.data.redis.core.RedisHash (preferred), or consider extending one of the following types with your repository: org.springframework.data.keyvalue.repository.KeyValueRepository
2026-06-03T14:46:45.968+09:00  INFO 19664 --- [koalaback] [  restartedMain] .RepositoryConfigurationExtensionSupport : Spring Data Redis - Could not safely identify store assignment for repository candidate interface com.koala.koalaback.domain.sku.repository.SkuRepository; If you want this repository to be a Redis repository, consider annotating your entities with one of these annotations: org.springframework.data.redis.core.RedisHash (preferred), or consider extending one of the following types with your repository: org.springframework.data.keyvalue.repository.KeyValueRepository
2026-06-03T14:46:45.969+09:00  INFO 19664 --- [koalaback] [  restartedMain] .RepositoryConfigurationExtensionSupport : Spring Data Redis - Could not safely identify store assignment for repository candidate interface com.koala.koalaback.domain.sku.repository.SkuReviewStatsRepository; If you want this repository to be a Redis repository, consider annotating your entities with one of these annotations: org.springframework.data.redis.core.RedisHash (preferred), or consider extending one of the following types with your repository: org.springframework.data.keyvalue.repository.KeyValueRepository
2026-06-03T14:46:45.969+09:00  INFO 19664 --- [koalaback] [  restartedMain] .RepositoryConfigurationExtensionSupport : Spring Data Redis - Could not safely identify store assignment for repository candidate interface com.koala.koalaback.domain.sku.repository.SkuStockLedgerRepository; If you want this repository to be a Redis repository, consider annotating your entities with one of these annotations: org.springframework.data.redis.core.RedisHash (preferred), or consider extending one of the following types with your repository: org.springframework.data.keyvalue.repository.KeyValueRepository
2026-06-03T14:46:45.969+09:00  INFO 19664 --- [koalaback] [  restartedMain] .RepositoryConfigurationExtensionSupport : Spring Data Redis - Could not safely identify store assignment for repository candidate interface com.koala.koalaback.domain.user.repository.PasswordResetTokenRepository; If you want this repository to be a Redis repository, consider annotating your entities with one of these annotations: org.springframework.data.redis.core.RedisHash (preferred), or consider extending one of the following types with your repository: org.springframework.data.keyvalue.repository.KeyValueRepository
2026-06-03T14:46:45.970+09:00  INFO 19664 --- [koalaback] [  restartedMain] .RepositoryConfigurationExtensionSupport : Spring Data Redis - Could not safely identify store assignment for repository candidate interface com.koala.koalaback.domain.user.repository.UserAddressRepository; If you want this repository to be a Redis repository, consider annotating your entities with one of these annotations: org.springframework.data.redis.core.RedisHash (preferred), or consider extending one of the following types with your repository: org.springframework.data.keyvalue.repository.KeyValueRepository
2026-06-03T14:46:45.971+09:00  INFO 19664 --- [koalaback] [  restartedMain] .RepositoryConfigurationExtensionSupport : Spring Data Redis - Could not safely identify store assignment for repository candidate interface com.koala.koalaback.domain.user.repository.UserRepository; If you want this repository to be a Redis repository, consider annotating your entities with one of these annotations: org.springframework.data.redis.core.RedisHash (preferred), or consider extending one of the following types with your repository: org.springframework.data.keyvalue.repository.KeyValueRepository
2026-06-03T14:46:45.971+09:00  INFO 19664 --- [koalaback] [  restartedMain] .RepositoryConfigurationExtensionSupport : Spring Data Redis - Could not safely identify store assignment for repository candidate interface com.koala.koalaback.domain.wishlist.repository.WishlistItemRepository; If you want this repository to be a Redis repository, consider annotating your entities with one of these annotations: org.springframework.data.redis.core.RedisHash (preferred), or consider extending one of the following types with your repository: org.springframework.data.keyvalue.repository.KeyValueRepository
2026-06-03T14:46:46.048+09:00  INFO 19664 --- [koalaback] [  restartedMain] .s.d.r.c.RepositoryConfigurationDelegate : Finished Spring Data repository scanning in 178 ms. Found 1 Redis repository interface.
2026-06-03T14:46:49.128+09:00  INFO 19664 --- [koalaback] [  restartedMain] o.s.boot.tomcat.TomcatWebServer          : Tomcat initialized with port 8080 (http)
2026-06-03T14:46:49.177+09:00  INFO 19664 --- [koalaback] [  restartedMain] o.apache.catalina.core.StandardService   : Starting service [Tomcat]
2026-06-03T14:46:49.179+09:00  INFO 19664 --- [koalaback] [  restartedMain] o.apache.catalina.core.StandardEngine    : Starting Servlet engine: [Apache Tomcat/11.0.18]
2026-06-03T14:46:49.265+09:00  INFO 19664 --- [koalaback] [  restartedMain] b.w.c.s.WebApplicationContextInitializer : Root WebApplicationContext: initialization completed in 7546 ms
2026-06-03T14:46:50.972+09:00  INFO 19664 --- [koalaback] [  restartedMain] org.hibernate.orm.jpa                    : HHH008540: Processing PersistenceUnitInfo [name: default]
2026-06-03T14:46:51.151+09:00  INFO 19664 --- [koalaback] [  restartedMain] org.hibernate.orm.core                   : HHH000001: Hibernate ORM core version 7.2.4.Final
2026-06-03T14:46:52.945+09:00  INFO 19664 --- [koalaback] [  restartedMain] o.s.o.j.p.SpringPersistenceUnitInfo      : No LoadTimeWeaver setup: ignoring JPA class transformer
2026-06-03T14:46:53.064+09:00  INFO 19664 --- [koalaback] [  restartedMain] com.zaxxer.hikari.HikariDataSource       : HikariPool-1 - Starting...
2026-06-03T14:46:53.461+09:00  INFO 19664 --- [koalaback] [  restartedMain] com.zaxxer.hikari.pool.HikariPool        : HikariPool-1 - Added connection com.mysql.cj.jdbc.ConnectionImpl@445c1a80
2026-06-03T14:46:53.465+09:00  INFO 19664 --- [koalaback] [  restartedMain] com.zaxxer.hikari.HikariDataSource       : HikariPool-1 - Start completed.
2026-06-03T14:46:53.698+09:00  INFO 19664 --- [koalaback] [  restartedMain] org.hibernate.orm.connections.pooling    : HHH10001005: Database info:
	Database JDBC URL [jdbc:mysql://localhost:3306/koala?useSSL=false&allowPublicKeyRetrieval=true&serverTimezone=Asia/Seoul&characterEncoding=UTF-8]
	Database driver: MySQL Connector/J
	Database dialect: MySQLDialect
	Database version: 8.0.40
	Default catalog/schema: koala/undefined
	Autocommit mode: undefined/unknown
	Isolation level: REPEATABLE_READ [default REPEATABLE_READ]
	JDBC fetch size: none
	Pool: DataSourceConnectionProvider
	Minimum pool size: undefined/unknown
	Maximum pool size: undefined/unknown
2026-06-03T14:46:59.095+09:00  INFO 19664 --- [koalaback] [  restartedMain] org.hibernate.orm.core                   : HHH000489: No JTA platform available (set 'hibernate.transaction.jta.platform' to enable JTA platform integration)
2026-06-03T14:46:59.123+09:00  INFO 19664 --- [koalaback] [  restartedMain] j.LocalContainerEntityManagerFactoryBean : Initialized JPA EntityManagerFactory for persistence unit 'default'
2026-06-03T14:46:59.330+09:00  INFO 19664 --- [koalaback] [  restartedMain] o.s.d.j.r.query.QueryEnhancerFactories   : Hibernate is in classpath; If applicable, HQL parser will be used.
2026-06-03T14:46:59.919+09:00  WARN 19664 --- [koalaback] [  restartedMain] o.s.aop.framework.CglibAopProxy          : Public final method [public final void org.springframework.security.oauth2.client.userinfo.DefaultOAuth2UserService.setRequestEntityConverter(org.springframework.core.convert.converter.Converter)] cannot get proxied via CGLIB, consider removing the final marker or using interface-based JDK proxies.
2026-06-03T14:46:59.920+09:00  WARN 19664 --- [koalaback] [  restartedMain] o.s.aop.framework.CglibAopProxy          : Public final method [public final void org.springframework.security.oauth2.client.userinfo.DefaultOAuth2UserService.setRestOperations(org.springframework.web.client.RestOperations)] cannot get proxied via CGLIB, consider removing the final marker or using interface-based JDK proxies.
2026-06-03T14:47:00.506+09:00  INFO 19664 --- [koalaback] [  restartedMain] o.s.boot.web.servlet.RegistrationBean    : Filter rateLimitFilterRegistration was not registered (disabled)
2026-06-03T14:47:05.330+09:00  WARN 19664 --- [koalaback] [  restartedMain] c.k.k.d.p.provider.TossPaymentProvider   : [Toss] 테스트 시크릿 키 사용 중 — 운영 배포 전 실제 키로 교체 필요
2026-06-03T14:47:06.058+09:00  WARN 19664 --- [koalaback] [  restartedMain] c.k.koalaback.global.config.FcmConfig    : [FCM] firebase-service-account.json 없음 — 푸시 알림 비활성화
2026-06-03T14:47:06.448+09:00 DEBUG 19664 --- [koalaback] [  restartedMain] o.f.c.i.s.classpath.ClassPathScanner     : Scanning for classpath resources at 'classpath:db/callback' ...
2026-06-03T14:47:06.448+09:00 DEBUG 19664 --- [koalaback] [  restartedMain] o.f.c.i.s.classpath.ClassPathScanner     : Determining location urls for classpath:db/callback using ClassLoader org.springframework.boot.devtools.restart.classloader.RestartClassLoader@5f3db2fd ...
2026-06-03T14:47:06.448+09:00 DEBUG 19664 --- [koalaback] [  restartedMain] o.f.c.i.s.classpath.ClassPathScanner     : Unable to resolve location classpath:db/callback.
2026-06-03T14:47:06.448+09:00 DEBUG 19664 --- [koalaback] [  restartedMain] o.f.c.i.s.classpath.ClassPathScanner     : Scanning for classpath resources at 'classpath:db/migration' ...
2026-06-03T14:47:06.448+09:00 DEBUG 19664 --- [koalaback] [  restartedMain] o.f.c.i.s.classpath.ClassPathScanner     : Determining location urls for classpath:db/migration using ClassLoader org.springframework.boot.devtools.restart.classloader.RestartClassLoader@5f3db2fd ...
2026-06-03T14:47:06.450+09:00 DEBUG 19664 --- [koalaback] [  restartedMain] o.f.c.i.s.classpath.ClassPathScanner     : Scanning URL: file:/C:/KoALa/KoALa-back/build/resources/main/db/migration
2026-06-03T14:47:06.453+09:00 DEBUG 19664 --- [koalaback] [  restartedMain] i.s.c.FileSystemClassPathLocationScanner : Scanning starting at classpath root in filesystem: C:\KoALa\KoALa-back\build\resources\main\
2026-06-03T14:47:06.453+09:00 DEBUG 19664 --- [koalaback] [  restartedMain] i.s.c.FileSystemClassPathLocationScanner : Scanning for resources in path: C:\KoALa\KoALa-back\build\resources\main\db\migration (db/migration)
2026-06-03T14:47:06.458+09:00 DEBUG 19664 --- [koalaback] [  restartedMain] o.f.c.i.s.classpath.ClassPathScanner     : Found resource: db/migration/V10__expand_artist_career_categories.sql
2026-06-03T14:47:06.458+09:00 DEBUG 19664 --- [koalaback] [  restartedMain] o.f.c.i.s.classpath.ClassPathScanner     : Found resource: db/migration/V11__add_toss_oauth_provider.sql
2026-06-03T14:47:06.458+09:00 DEBUG 19664 --- [koalaback] [  restartedMain] o.f.c.i.s.classpath.ClassPathScanner     : Found resource: db/migration/V12__add_fcm_token.sql
2026-06-03T14:47:06.460+09:00 DEBUG 19664 --- [koalaback] [  restartedMain] o.f.c.i.s.classpath.ClassPathScanner     : Found resource: db/migration/V13__add_notices.sql
2026-06-03T14:47:06.460+09:00 DEBUG 19664 --- [koalaback] [  restartedMain] o.f.c.i.s.classpath.ClassPathScanner     : Found resource: db/migration/V14__add_inquiries.sql
2026-06-03T14:47:06.460+09:00 DEBUG 19664 --- [koalaback] [  restartedMain] o.f.c.i.s.classpath.ClassPathScanner     : Found resource: db/migration/V15__add_sku_material.sql
2026-06-03T14:47:06.461+09:00 DEBUG 19664 --- [koalaback] [  restartedMain] o.f.c.i.s.classpath.ClassPathScanner     : Found resource: db/migration/V16__add_sku_material_detail_packaging.sql
2026-06-03T14:47:06.461+09:00 DEBUG 19664 --- [koalaback] [  restartedMain] o.f.c.i.s.classpath.ClassPathScanner     : Found resource: db/migration/V17__add_sku_packaging_description.sql
2026-06-03T14:47:06.461+09:00 DEBUG 19664 --- [koalaback] [  restartedMain] o.f.c.i.s.classpath.ClassPathScanner     : Found resource: db/migration/V1__init.sql
2026-06-03T14:47:06.461+09:00 DEBUG 19664 --- [koalaback] [  restartedMain] o.f.c.i.s.classpath.ClassPathScanner     : Found resource: db/migration/V2__add_oauth_columns.sql
2026-06-03T14:47:06.461+09:00 DEBUG 19664 --- [koalaback] [  restartedMain] o.f.c.i.s.classpath.ClassPathScanner     : Found resource: db/migration/V3__add_password_reset_token.sql
2026-06-03T14:47:06.461+09:00 DEBUG 19664 --- [koalaback] [  restartedMain] o.f.c.i.s.classpath.ClassPathScanner     : Found resource: db/migration/V4__fix_missing_tables_and_columns.sql
2026-06-03T14:47:06.461+09:00 DEBUG 19664 --- [koalaback] [  restartedMain] o.f.c.i.s.classpath.ClassPathScanner     : Found resource: db/migration/V5__add_artist_follows.sql
2026-06-03T14:47:06.461+09:00 DEBUG 19664 --- [koalaback] [  restartedMain] o.f.c.i.s.classpath.ClassPathScanner     : Found resource: db/migration/V6__add_artist_note_and_careers.sql
2026-06-03T14:47:06.461+09:00 DEBUG 19664 --- [koalaback] [  restartedMain] o.f.c.i.s.classpath.ClassPathScanner     : Found resource: db/migration/V7__add_artist_featured_sku.sql
2026-06-03T14:47:06.461+09:00 DEBUG 19664 --- [koalaback] [  restartedMain] o.f.c.i.s.classpath.ClassPathScanner     : Found resource: db/migration/V8__add_return_requests.sql
2026-06-03T14:47:06.461+09:00 DEBUG 19664 --- [koalaback] [  restartedMain] o.f.c.i.s.classpath.ClassPathScanner     : Found resource: db/migration/V9__add_is_verified_to_password_reset_token.sql
2026-06-03T14:47:06.462+09:00 DEBUG 19664 --- [koalaback] [  restartedMain] o.f.c.i.s.classpath.ClassPathScanner     : Scanning for classpath resources at 'classpath:db/migration' ...
2026-06-03T14:47:06.463+09:00 DEBUG 19664 --- [koalaback] [  restartedMain] o.f.c.i.s.classpath.ClassPathScanner     : Determining location urls for classpath:db/migration using ClassLoader org.springframework.boot.devtools.restart.classloader.RestartClassLoader@5f3db2fd ...
2026-06-03T14:47:06.463+09:00 DEBUG 19664 --- [koalaback] [  restartedMain] o.f.c.i.s.classpath.ClassPathScanner     : Scanning URL: file:/C:/KoALa/KoALa-back/build/resources/main/db/migration
2026-06-03T14:47:06.464+09:00 DEBUG 19664 --- [koalaback] [  restartedMain] o.f.c.i.s.classpath.ClassPathScanner     : Found resource: db/migration/V10__expand_artist_career_categories.sql
2026-06-03T14:47:06.464+09:00 DEBUG 19664 --- [koalaback] [  restartedMain] o.f.c.i.s.classpath.ClassPathScanner     : Found resource: db/migration/V11__add_toss_oauth_provider.sql
2026-06-03T14:47:06.464+09:00 DEBUG 19664 --- [koalaback] [  restartedMain] o.f.c.i.s.classpath.ClassPathScanner     : Found resource: db/migration/V12__add_fcm_token.sql
2026-06-03T14:47:06.464+09:00 DEBUG 19664 --- [koalaback] [  restartedMain] o.f.c.i.s.classpath.ClassPathScanner     : Found resource: db/migration/V13__add_notices.sql
2026-06-03T14:47:06.464+09:00 DEBUG 19664 --- [koalaback] [  restartedMain] o.f.c.i.s.classpath.ClassPathScanner     : Found resource: db/migration/V14__add_inquiries.sql
2026-06-03T14:47:06.464+09:00 DEBUG 19664 --- [koalaback] [  restartedMain] o.f.c.i.s.classpath.ClassPathScanner     : Found resource: db/migration/V15__add_sku_material.sql
2026-06-03T14:47:06.464+09:00 DEBUG 19664 --- [koalaback] [  restartedMain] o.f.c.i.s.classpath.ClassPathScanner     : Found resource: db/migration/V16__add_sku_material_detail_packaging.sql
2026-06-03T14:47:06.464+09:00 DEBUG 19664 --- [koalaback] [  restartedMain] o.f.c.i.s.classpath.ClassPathScanner     : Found resource: db/migration/V17__add_sku_packaging_description.sql
2026-06-03T14:47:06.464+09:00 DEBUG 19664 --- [koalaback] [  restartedMain] o.f.c.i.s.classpath.ClassPathScanner     : Found resource: db/migration/V1__init.sql
2026-06-03T14:47:06.464+09:00 DEBUG 19664 --- [koalaback] [  restartedMain] o.f.c.i.s.classpath.ClassPathScanner     : Found resource: db/migration/V2__add_oauth_columns.sql
2026-06-03T14:47:06.464+09:00 DEBUG 19664 --- [koalaback] [  restartedMain] o.f.c.i.s.classpath.ClassPathScanner     : Found resource: db/migration/V3__add_password_reset_token.sql
2026-06-03T14:47:06.465+09:00 DEBUG 19664 --- [koalaback] [  restartedMain] o.f.c.i.s.classpath.ClassPathScanner     : Found resource: db/migration/V4__fix_missing_tables_and_columns.sql
2026-06-03T14:47:06.465+09:00 DEBUG 19664 --- [koalaback] [  restartedMain] o.f.c.i.s.classpath.ClassPathScanner     : Found resource: db/migration/V5__add_artist_follows.sql
2026-06-03T14:47:06.465+09:00 DEBUG 19664 --- [koalaback] [  restartedMain] o.f.c.i.s.classpath.ClassPathScanner     : Found resource: db/migration/V6__add_artist_note_and_careers.sql
2026-06-03T14:47:06.465+09:00 DEBUG 19664 --- [koalaback] [  restartedMain] o.f.c.i.s.classpath.ClassPathScanner     : Found resource: db/migration/V7__add_artist_featured_sku.sql
2026-06-03T14:47:06.466+09:00 DEBUG 19664 --- [koalaback] [  restartedMain] o.f.c.i.s.classpath.ClassPathScanner     : Found resource: db/migration/V8__add_return_requests.sql
2026-06-03T14:47:06.466+09:00 DEBUG 19664 --- [koalaback] [  restartedMain] o.f.c.i.s.classpath.ClassPathScanner     : Found resource: db/migration/V9__add_is_verified_to_password_reset_token.sql
2026-06-03T14:47:06.466+09:00 DEBUG 19664 --- [koalaback] [  restartedMain] o.f.c.i.s.classpath.ClassPathScanner     : Scanning for classes at classpath:db/migration
2026-06-03T14:47:06.510+09:00 DEBUG 19664 --- [koalaback] [  restartedMain] o.f.c.i.resource.ResourceNameValidator   : Validating V13__add_notices.sql
2026-06-03T14:47:06.513+09:00 DEBUG 19664 --- [koalaback] [  restartedMain] o.f.c.i.resource.ResourceNameValidator   : Validating V17__add_sku_packaging_description.sql
2026-06-03T14:47:06.513+09:00 DEBUG 19664 --- [koalaback] [  restartedMain] o.f.c.i.resource.ResourceNameValidator   : Validating V4__fix_missing_tables_and_columns.sql
2026-06-03T14:47:06.513+09:00 DEBUG 19664 --- [koalaback] [  restartedMain] o.f.c.i.resource.ResourceNameValidator   : Validating V5__add_artist_follows.sql
2026-06-03T14:47:06.513+09:00 DEBUG 19664 --- [koalaback] [  restartedMain] o.f.c.i.resource.ResourceNameValidator   : Validating V15__add_sku_material.sql
2026-06-03T14:47:06.514+09:00 DEBUG 19664 --- [koalaback] [  restartedMain] o.f.c.i.resource.ResourceNameValidator   : Validating V2__add_oauth_columns.sql
2026-06-03T14:47:06.514+09:00 DEBUG 19664 --- [koalaback] [  restartedMain] o.f.c.i.resource.ResourceNameValidator   : Validating V8__add_return_requests.sql
2026-06-03T14:47:06.514+09:00 DEBUG 19664 --- [koalaback] [  restartedMain] o.f.c.i.resource.ResourceNameValidator   : Validating V16__add_sku_material_detail_packaging.sql
2026-06-03T14:47:06.514+09:00 DEBUG 19664 --- [koalaback] [  restartedMain] o.f.c.i.resource.ResourceNameValidator   : Validating V12__add_fcm_token.sql
2026-06-03T14:47:06.515+09:00 DEBUG 19664 --- [koalaback] [  restartedMain] o.f.c.i.resource.ResourceNameValidator   : Validating V6__add_artist_note_and_careers.sql
2026-06-03T14:47:06.515+09:00 DEBUG 19664 --- [koalaback] [  restartedMain] o.f.c.i.resource.ResourceNameValidator   : Validating V7__add_artist_featured_sku.sql
2026-06-03T14:47:06.515+09:00 DEBUG 19664 --- [koalaback] [  restartedMain] o.f.c.i.resource.ResourceNameValidator   : Validating V1__init.sql
2026-06-03T14:47:06.515+09:00 DEBUG 19664 --- [koalaback] [  restartedMain] o.f.c.i.resource.ResourceNameValidator   : Validating V9__add_is_verified_to_password_reset_token.sql
2026-06-03T14:47:06.515+09:00 DEBUG 19664 --- [koalaback] [  restartedMain] o.f.c.i.resource.ResourceNameValidator   : Validating V10__expand_artist_career_categories.sql
2026-06-03T14:47:06.515+09:00 DEBUG 19664 --- [koalaback] [  restartedMain] o.f.c.i.resource.ResourceNameValidator   : Validating V3__add_password_reset_token.sql
2026-06-03T14:47:06.515+09:00 DEBUG 19664 --- [koalaback] [  restartedMain] o.f.c.i.resource.ResourceNameValidator   : Validating V11__add_toss_oauth_provider.sql
2026-06-03T14:47:06.515+09:00 DEBUG 19664 --- [koalaback] [  restartedMain] o.f.c.i.resource.ResourceNameValidator   : Validating V14__add_inquiries.sql
2026-06-03T14:47:06.533+09:00  INFO 19664 --- [koalaback] [  restartedMain] org.flywaydb.core.FlywayExecutor         : Database: jdbc:mysql://localhost:3306/koala?useSSL=false&allowPublicKeyRetrieval=true&serverTimezone=Asia/Seoul&characterEncoding=UTF-8 (MySQL 8.0)
2026-06-03T14:47:06.534+09:00 DEBUG 19664 --- [koalaback] [  restartedMain] org.flywaydb.core.FlywayExecutor         : Database Type: MySQL
2026-06-03T14:47:06.534+09:00 DEBUG 19664 --- [koalaback] [  restartedMain] org.flywaydb.core.FlywayExecutor         : Driver: MySQL Connector/J mysql-connector-j-9.6.0 (Revision: fdef61f4af21fa9e0ac334ff0664ec754c164cc0)
2026-06-03T14:47:06.534+09:00 DEBUG 19664 --- [koalaback] [  restartedMain] org.flywaydb.core.FlywayExecutor         : DDL Transactions Supported: false
2026-06-03T14:47:06.538+09:00 DEBUG 19664 --- [koalaback] [  restartedMain] o.f.c.i.s.SchemaHistoryFactory           : Schemas: 
2026-06-03T14:47:06.538+09:00 DEBUG 19664 --- [koalaback] [  restartedMain] o.f.c.i.s.SchemaHistoryFactory           : Default schema: null
2026-06-03T14:47:06.564+09:00 DEBUG 19664 --- [koalaback] [  restartedMain] org.flywaydb.core.FlywayExecutor         : Scanning for script callbacks ...
2026-06-03T14:47:06.572+09:00 DEBUG 19664 --- [koalaback] [  restartedMain] o.f.c.i.c.SqlScriptCallbackFactory       : Scanning for SQL callbacks ...
2026-06-03T14:47:06.592+09:00 DEBUG 19664 --- [koalaback] [  restartedMain] o.f.core.internal.command.DbValidate     : Validating migrations ...
2026-06-03T14:47:06.599+09:00 DEBUG 19664 --- [koalaback] [  restartedMain] o.f.c.a.c.ClassicConfiguration           : CherryPickConfigurationExtension not found
2026-06-03T14:47:06.648+09:00 DEBUG 19664 --- [koalaback] [  restartedMain] o.f.core.internal.scanner.Scanner        : Filtering out resource: db/migration/V13__add_notices.sql (filename: V13__add_notices.sql)
2026-06-03T14:47:06.649+09:00 DEBUG 19664 --- [koalaback] [  restartedMain] o.f.core.internal.scanner.Scanner        : Filtering out resource: db/migration/V17__add_sku_packaging_description.sql (filename: V17__add_sku_packaging_description.sql)
2026-06-03T14:47:06.649+09:00 DEBUG 19664 --- [koalaback] [  restartedMain] o.f.core.internal.scanner.Scanner        : Filtering out resource: db/migration/V4__fix_missing_tables_and_columns.sql (filename: V4__fix_missing_tables_and_columns.sql)
2026-06-03T14:47:06.649+09:00 DEBUG 19664 --- [koalaback] [  restartedMain] o.f.core.internal.scanner.Scanner        : Filtering out resource: db/migration/V5__add_artist_follows.sql (filename: V5__add_artist_follows.sql)
2026-06-03T14:47:06.649+09:00 DEBUG 19664 --- [koalaback] [  restartedMain] o.f.core.internal.scanner.Scanner        : Filtering out resource: db/migration/V15__add_sku_material.sql (filename: V15__add_sku_material.sql)
2026-06-03T14:47:06.649+09:00 DEBUG 19664 --- [koalaback] [  restartedMain] o.f.core.internal.scanner.Scanner        : Filtering out resource: db/migration/V2__add_oauth_columns.sql (filename: V2__add_oauth_columns.sql)
2026-06-03T14:47:06.649+09:00 DEBUG 19664 --- [koalaback] [  restartedMain] o.f.core.internal.scanner.Scanner        : Filtering out resource: db/migration/V8__add_return_requests.sql (filename: V8__add_return_requests.sql)
2026-06-03T14:47:06.649+09:00 DEBUG 19664 --- [koalaback] [  restartedMain] o.f.core.internal.scanner.Scanner        : Filtering out resource: db/migration/V16__add_sku_material_detail_packaging.sql (filename: V16__add_sku_material_detail_packaging.sql)
2026-06-03T14:47:06.649+09:00 DEBUG 19664 --- [koalaback] [  restartedMain] o.f.core.internal.scanner.Scanner        : Filtering out resource: db/migration/V12__add_fcm_token.sql (filename: V12__add_fcm_token.sql)
2026-06-03T14:47:06.649+09:00 DEBUG 19664 --- [koalaback] [  restartedMain] o.f.core.internal.scanner.Scanner        : Filtering out resource: db/migration/V6__add_artist_note_and_careers.sql (filename: V6__add_artist_note_and_careers.sql)
2026-06-03T14:47:06.649+09:00 DEBUG 19664 --- [koalaback] [  restartedMain] o.f.core.internal.scanner.Scanner        : Filtering out resource: db/migration/V7__add_artist_featured_sku.sql (filename: V7__add_artist_featured_sku.sql)
2026-06-03T14:47:06.649+09:00 DEBUG 19664 --- [koalaback] [  restartedMain] o.f.core.internal.scanner.Scanner        : Filtering out resource: db/migration/V1__init.sql (filename: V1__init.sql)
2026-06-03T14:47:06.649+09:00 DEBUG 19664 --- [koalaback] [  restartedMain] o.f.core.internal.scanner.Scanner        : Filtering out resource: db/migration/V9__add_is_verified_to_password_reset_token.sql (filename: V9__add_is_verified_to_password_reset_token.sql)
2026-06-03T14:47:06.649+09:00 DEBUG 19664 --- [koalaback] [  restartedMain] o.f.core.internal.scanner.Scanner        : Filtering out resource: db/migration/V10__expand_artist_career_categories.sql (filename: V10__expand_artist_career_categories.sql)
2026-06-03T14:47:06.649+09:00 DEBUG 19664 --- [koalaback] [  restartedMain] o.f.core.internal.scanner.Scanner        : Filtering out resource: db/migration/V3__add_password_reset_token.sql (filename: V3__add_password_reset_token.sql)
2026-06-03T14:47:06.649+09:00 DEBUG 19664 --- [koalaback] [  restartedMain] o.f.core.internal.scanner.Scanner        : Filtering out resource: db/migration/V11__add_toss_oauth_provider.sql (filename: V11__add_toss_oauth_provider.sql)
2026-06-03T14:47:06.649+09:00 DEBUG 19664 --- [koalaback] [  restartedMain] o.f.core.internal.scanner.Scanner        : Filtering out resource: db/migration/V14__add_inquiries.sql (filename: V14__add_inquiries.sql)
2026-06-03T14:47:06.651+09:00 DEBUG 19664 --- [koalaback] [  restartedMain] o.f.core.internal.scanner.Scanner        : Filtering out resource: db/migration/V13__add_notices.sql (filename: V13__add_notices.sql)
2026-06-03T14:47:06.651+09:00 DEBUG 19664 --- [koalaback] [  restartedMain] o.f.core.internal.scanner.Scanner        : Filtering out resource: db/migration/V17__add_sku_packaging_description.sql (filename: V17__add_sku_packaging_description.sql)
2026-06-03T14:47:06.651+09:00 DEBUG 19664 --- [koalaback] [  restartedMain] o.f.core.internal.scanner.Scanner        : Filtering out resource: db/migration/V4__fix_missing_tables_and_columns.sql (filename: V4__fix_missing_tables_and_columns.sql)
2026-06-03T14:47:06.651+09:00 DEBUG 19664 --- [koalaback] [  restartedMain] o.f.core.internal.scanner.Scanner        : Filtering out resource: db/migration/V5__add_artist_follows.sql (filename: V5__add_artist_follows.sql)
2026-06-03T14:47:06.651+09:00 DEBUG 19664 --- [koalaback] [  restartedMain] o.f.core.internal.scanner.Scanner        : Filtering out resource: db/migration/V15__add_sku_material.sql (filename: V15__add_sku_material.sql)
2026-06-03T14:47:06.651+09:00 DEBUG 19664 --- [koalaback] [  restartedMain] o.f.core.internal.scanner.Scanner        : Filtering out resource: db/migration/V2__add_oauth_columns.sql (filename: V2__add_oauth_columns.sql)
2026-06-03T14:47:06.651+09:00 DEBUG 19664 --- [koalaback] [  restartedMain] o.f.core.internal.scanner.Scanner        : Filtering out resource: db/migration/V8__add_return_requests.sql (filename: V8__add_return_requests.sql)
2026-06-03T14:47:06.651+09:00 DEBUG 19664 --- [koalaback] [  restartedMain] o.f.core.internal.scanner.Scanner        : Filtering out resource: db/migration/V16__add_sku_material_detail_packaging.sql (filename: V16__add_sku_material_detail_packaging.sql)
2026-06-03T14:47:06.651+09:00 DEBUG 19664 --- [koalaback] [  restartedMain] o.f.core.internal.scanner.Scanner        : Filtering out resource: db/migration/V12__add_fcm_token.sql (filename: V12__add_fcm_token.sql)
2026-06-03T14:47:06.651+09:00 DEBUG 19664 --- [koalaback] [  restartedMain] o.f.core.internal.scanner.Scanner        : Filtering out resource: db/migration/V6__add_artist_note_and_careers.sql (filename: V6__add_artist_note_and_careers.sql)
2026-06-03T14:47:06.651+09:00 DEBUG 19664 --- [koalaback] [  restartedMain] o.f.core.internal.scanner.Scanner        : Filtering out resource: db/migration/V7__add_artist_featured_sku.sql (filename: V7__add_artist_featured_sku.sql)
2026-06-03T14:47:06.651+09:00 DEBUG 19664 --- [koalaback] [  restartedMain] o.f.core.internal.scanner.Scanner        : Filtering out resource: db/migration/V1__init.sql (filename: V1__init.sql)
2026-06-03T14:47:06.651+09:00 DEBUG 19664 --- [koalaback] [  restartedMain] o.f.core.internal.scanner.Scanner        : Filtering out resource: db/migration/V9__add_is_verified_to_password_reset_token.sql (filename: V9__add_is_verified_to_password_reset_token.sql)
2026-06-03T14:47:06.651+09:00 DEBUG 19664 --- [koalaback] [  restartedMain] o.f.core.internal.scanner.Scanner        : Filtering out resource: db/migration/V10__expand_artist_career_categories.sql (filename: V10__expand_artist_career_categories.sql)
2026-06-03T14:47:06.651+09:00 DEBUG 19664 --- [koalaback] [  restartedMain] o.f.core.internal.scanner.Scanner        : Filtering out resource: db/migration/V3__add_password_reset_token.sql (filename: V3__add_password_reset_token.sql)
2026-06-03T14:47:06.651+09:00 DEBUG 19664 --- [koalaback] [  restartedMain] o.f.core.internal.scanner.Scanner        : Filtering out resource: db/migration/V11__add_toss_oauth_provider.sql (filename: V11__add_toss_oauth_provider.sql)
2026-06-03T14:47:06.651+09:00 DEBUG 19664 --- [koalaback] [  restartedMain] o.f.core.internal.scanner.Scanner        : Filtering out resource: db/migration/V14__add_inquiries.sql (filename: V14__add_inquiries.sql)
2026-06-03T14:47:06.655+09:00 DEBUG 19664 --- [koalaback] [  restartedMain] o.f.core.internal.scanner.Scanner        : Filtering out resource: db/migration/V13__add_notices.sql (filename: V13__add_notices.sql)
2026-06-03T14:47:06.655+09:00 DEBUG 19664 --- [koalaback] [  restartedMain] o.f.core.internal.scanner.Scanner        : Filtering out resource: db/migration/V17__add_sku_packaging_description.sql (filename: V17__add_sku_packaging_description.sql)
2026-06-03T14:47:06.655+09:00 DEBUG 19664 --- [koalaback] [  restartedMain] o.f.core.internal.scanner.Scanner        : Filtering out resource: db/migration/V4__fix_missing_tables_and_columns.sql (filename: V4__fix_missing_tables_and_columns.sql)
2026-06-03T14:47:06.655+09:00 DEBUG 19664 --- [koalaback] [  restartedMain] o.f.core.internal.scanner.Scanner        : Filtering out resource: db/migration/V5__add_artist_follows.sql (filename: V5__add_artist_follows.sql)
2026-06-03T14:47:06.655+09:00 DEBUG 19664 --- [koalaback] [  restartedMain] o.f.core.internal.scanner.Scanner        : Filtering out resource: db/migration/V15__add_sku_material.sql (filename: V15__add_sku_material.sql)
2026-06-03T14:47:06.655+09:00 DEBUG 19664 --- [koalaback] [  restartedMain] o.f.core.internal.scanner.Scanner        : Filtering out resource: db/migration/V2__add_oauth_columns.sql (filename: V2__add_oauth_columns.sql)
2026-06-03T14:47:06.655+09:00 DEBUG 19664 --- [koalaback] [  restartedMain] o.f.core.internal.scanner.Scanner        : Filtering out resource: db/migration/V8__add_return_requests.sql (filename: V8__add_return_requests.sql)
2026-06-03T14:47:06.655+09:00 DEBUG 19664 --- [koalaback] [  restartedMain] o.f.core.internal.scanner.Scanner        : Filtering out resource: db/migration/V16__add_sku_material_detail_packaging.sql (filename: V16__add_sku_material_detail_packaging.sql)
2026-06-03T14:47:06.655+09:00 DEBUG 19664 --- [koalaback] [  restartedMain] o.f.core.internal.scanner.Scanner        : Filtering out resource: db/migration/V12__add_fcm_token.sql (filename: V12__add_fcm_token.sql)
2026-06-03T14:47:06.655+09:00 DEBUG 19664 --- [koalaback] [  restartedMain] o.f.core.internal.scanner.Scanner        : Filtering out resource: db/migration/V6__add_artist_note_and_careers.sql (filename: V6__add_artist_note_and_careers.sql)
2026-06-03T14:47:06.655+09:00 DEBUG 19664 --- [koalaback] [  restartedMain] o.f.core.internal.scanner.Scanner        : Filtering out resource: db/migration/V7__add_artist_featured_sku.sql (filename: V7__add_artist_featured_sku.sql)
2026-06-03T14:47:06.655+09:00 DEBUG 19664 --- [koalaback] [  restartedMain] o.f.core.internal.scanner.Scanner        : Filtering out resource: db/migration/V1__init.sql (filename: V1__init.sql)
2026-06-03T14:47:06.655+09:00 DEBUG 19664 --- [koalaback] [  restartedMain] o.f.core.internal.scanner.Scanner        : Filtering out resource: db/migration/V9__add_is_verified_to_password_reset_token.sql (filename: V9__add_is_verified_to_password_reset_token.sql)
2026-06-03T14:47:06.655+09:00 DEBUG 19664 --- [koalaback] [  restartedMain] o.f.core.internal.scanner.Scanner        : Filtering out resource: db/migration/V10__expand_artist_career_categories.sql (filename: V10__expand_artist_career_categories.sql)
2026-06-03T14:47:06.655+09:00 DEBUG 19664 --- [koalaback] [  restartedMain] o.f.core.internal.scanner.Scanner        : Filtering out resource: db/migration/V3__add_password_reset_token.sql (filename: V3__add_password_reset_token.sql)
2026-06-03T14:47:06.655+09:00 DEBUG 19664 --- [koalaback] [  restartedMain] o.f.core.internal.scanner.Scanner        : Filtering out resource: db/migration/V11__add_toss_oauth_provider.sql (filename: V11__add_toss_oauth_provider.sql)
2026-06-03T14:47:06.655+09:00 DEBUG 19664 --- [koalaback] [  restartedMain] o.f.core.internal.scanner.Scanner        : Filtering out resource: db/migration/V14__add_inquiries.sql (filename: V14__add_inquiries.sql)
2026-06-03T14:47:06.656+09:00 DEBUG 19664 --- [koalaback] [  restartedMain] o.f.core.internal.scanner.Scanner        : Filtering out resource: db/migration/V13__add_notices.sql (filename: V13__add_notices.sql)
2026-06-03T14:47:06.656+09:00 DEBUG 19664 --- [koalaback] [  restartedMain] o.f.core.internal.scanner.Scanner        : Filtering out resource: db/migration/V17__add_sku_packaging_description.sql (filename: V17__add_sku_packaging_description.sql)
2026-06-03T14:47:06.656+09:00 DEBUG 19664 --- [koalaback] [  restartedMain] o.f.core.internal.scanner.Scanner        : Filtering out resource: db/migration/V4__fix_missing_tables_and_columns.sql (filename: V4__fix_missing_tables_and_columns.sql)
2026-06-03T14:47:06.656+09:00 DEBUG 19664 --- [koalaback] [  restartedMain] o.f.core.internal.scanner.Scanner        : Filtering out resource: db/migration/V5__add_artist_follows.sql (filename: V5__add_artist_follows.sql)
2026-06-03T14:47:06.656+09:00 DEBUG 19664 --- [koalaback] [  restartedMain] o.f.core.internal.scanner.Scanner        : Filtering out resource: db/migration/V15__add_sku_material.sql (filename: V15__add_sku_material.sql)
2026-06-03T14:47:06.656+09:00 DEBUG 19664 --- [koalaback] [  restartedMain] o.f.core.internal.scanner.Scanner        : Filtering out resource: db/migration/V2__add_oauth_columns.sql (filename: V2__add_oauth_columns.sql)
2026-06-03T14:47:06.656+09:00 DEBUG 19664 --- [koalaback] [  restartedMain] o.f.core.internal.scanner.Scanner        : Filtering out resource: db/migration/V8__add_return_requests.sql (filename: V8__add_return_requests.sql)
2026-06-03T14:47:06.656+09:00 DEBUG 19664 --- [koalaback] [  restartedMain] o.f.core.internal.scanner.Scanner        : Filtering out resource: db/migration/V16__add_sku_material_detail_packaging.sql (filename: V16__add_sku_material_detail_packaging.sql)
2026-06-03T14:47:06.656+09:00 DEBUG 19664 --- [koalaback] [  restartedMain] o.f.core.internal.scanner.Scanner        : Filtering out resource: db/migration/V12__add_fcm_token.sql (filename: V12__add_fcm_token.sql)
2026-06-03T14:47:06.656+09:00 DEBUG 19664 --- [koalaback] [  restartedMain] o.f.core.internal.scanner.Scanner        : Filtering out resource: db/migration/V6__add_artist_note_and_careers.sql (filename: V6__add_artist_note_and_careers.sql)
2026-06-03T14:47:06.656+09:00 DEBUG 19664 --- [koalaback] [  restartedMain] o.f.core.internal.scanner.Scanner        : Filtering out resource: db/migration/V7__add_artist_featured_sku.sql (filename: V7__add_artist_featured_sku.sql)
2026-06-03T14:47:06.656+09:00 DEBUG 19664 --- [koalaback] [  restartedMain] o.f.core.internal.scanner.Scanner        : Filtering out resource: db/migration/V1__init.sql (filename: V1__init.sql)
2026-06-03T14:47:06.656+09:00 DEBUG 19664 --- [koalaback] [  restartedMain] o.f.core.internal.scanner.Scanner        : Filtering out resource: db/migration/V9__add_is_verified_to_password_reset_token.sql (filename: V9__add_is_verified_to_password_reset_token.sql)
2026-06-03T14:47:06.656+09:00 DEBUG 19664 --- [koalaback] [  restartedMain] o.f.core.internal.scanner.Scanner        : Filtering out resource: db/migration/V10__expand_artist_career_categories.sql (filename: V10__expand_artist_career_categories.sql)
2026-06-03T14:47:06.656+09:00 DEBUG 19664 --- [koalaback] [  restartedMain] o.f.core.internal.scanner.Scanner        : Filtering out resource: db/migration/V3__add_password_reset_token.sql (filename: V3__add_password_reset_token.sql)
2026-06-03T14:47:06.657+09:00 DEBUG 19664 --- [koalaback] [  restartedMain] o.f.core.internal.scanner.Scanner        : Filtering out resource: db/migration/V11__add_toss_oauth_provider.sql (filename: V11__add_toss_oauth_provider.sql)
2026-06-03T14:47:06.657+09:00 DEBUG 19664 --- [koalaback] [  restartedMain] o.f.core.internal.scanner.Scanner        : Filtering out resource: db/migration/V14__add_inquiries.sql (filename: V14__add_inquiries.sql)
2026-06-03T14:47:06.701+09:00  INFO 19664 --- [koalaback] [  restartedMain] o.f.core.internal.command.DbValidate     : Successfully validated 18 migrations (execution time 00:00.106s)
2026-06-03T14:47:06.710+09:00 DEBUG 19664 --- [koalaback] [  restartedMain] o.f.core.internal.command.DbSchemas      : Skipping creation of existing schema: `koala`
2026-06-03T14:47:06.728+09:00 DEBUG 19664 --- [koalaback] [  restartedMain] o.f.c.a.c.ClassicConfiguration           : CherryPickConfigurationExtension not found
2026-06-03T14:47:06.737+09:00  INFO 19664 --- [koalaback] [  restartedMain] o.f.core.internal.command.DbMigrate      : Current version of schema `koala`: 17
2026-06-03T14:47:06.746+09:00  INFO 19664 --- [koalaback] [  restartedMain] o.f.core.internal.command.DbMigrate      : Schema `koala` is up to date. No migration necessary.
2026-06-03T14:47:06.759+09:00 DEBUG 19664 --- [koalaback] [  restartedMain] org.flywaydb.core.FlywayExecutor         : Memory usage: 104 of 160M
2026-06-03T14:47:10.549+09:00  INFO 19664 --- [koalaback] [  restartedMain] o.s.b.a.e.web.EndpointLinksResolver      : Exposing 3 endpoints beneath base path '/actuator'
2026-06-03T14:47:10.797+09:00  INFO 19664 --- [koalaback] [  restartedMain] o.s.boot.tomcat.TomcatWebServer          : Tomcat started on port 8080 (http) with context path '/'
2026-06-03T14:47:10.826+09:00  INFO 19664 --- [koalaback] [  restartedMain] com.koala.koalaback.KoalaApplication     : Started KoalaApplication in 30.388 seconds (process running for 31.768)
2026-06-03T14:47:30.453+09:00  INFO 19664 --- [koalaback] [nio-8080-exec-1] o.a.c.c.C.[Tomcat].[localhost].[/]       : Initializing Spring DispatcherServlet 'dispatcherServlet'
2026-06-03T14:47:30.454+09:00  INFO 19664 --- [koalaback] [nio-8080-exec-1] o.s.web.servlet.DispatcherServlet        : Initializing Servlet 'dispatcherServlet'
2026-06-03T14:47:30.460+09:00  INFO 19664 --- [koalaback] [nio-8080-exec-1] o.s.web.servlet.DispatcherServlet        : Completed initialization in 6 ms
2026-06-03T14:47:30.760+09:00  WARN 19664 --- [koalaback] [nio-8080-exec-1] o.s.b.mail.health.MailHealthIndicator    : Mail health check failed

org.eclipse.angus.mail.util.MailConnectException: Couldn't connect to host, port: localhost, 25; timeout -1;
  nested exception is:
	java.net.ConnectException: Connection refused: connect
	at org.eclipse.angus.mail.smtp.SMTPTransport.openServer(SMTPTransport.java:2243) ~[angus-mail-2.0.5.jar:na]
	at org.eclipse.angus.mail.smtp.SMTPTransport.protocolConnect(SMTPTransport.java:729) ~[angus-mail-2.0.5.jar:na]
	at jakarta.mail.Service.connect(Service.java:345) ~[jakarta.mail-api-2.1.5.jar:na]
	at org.springframework.mail.javamail.JavaMailSenderImpl.connectTransport(JavaMailSenderImpl.java:467) ~[spring-context-support-7.0.5.jar:7.0.5]
	at org.springframework.mail.javamail.JavaMailSenderImpl.testConnection(JavaMailSenderImpl.java:347) ~[spring-context-support-7.0.5.jar:7.0.5]
	at org.springframework.boot.mail.health.MailHealthIndicator.doHealthCheck(MailHealthIndicator.java:52) ~[spring-boot-mail-4.0.3.jar:4.0.3]
	at org.springframework.boot.health.contributor.AbstractHealthIndicator.health(AbstractHealthIndicator.java:80) ~[spring-boot-health-4.0.3.jar:4.0.3]
	at org.springframework.boot.health.contributor.HealthIndicator.health(HealthIndicator.java:37) ~[spring-boot-health-4.0.3.jar:4.0.3]
	at org.springframework.boot.health.actuate.endpoint.Contributor$Blocking.getDescriptor(Contributor.java:148) ~[spring-boot-health-4.0.3.jar:4.0.3]
	at org.springframework.boot.health.actuate.endpoint.Contributor$Blocking.getDescriptor(Contributor.java:126) ~[spring-boot-health-4.0.3.jar:4.0.3]
	at org.springframework.boot.health.actuate.endpoint.HealthEndpointSupport.getDescriptorAndLogIfSlow(HealthEndpointSupport.java:172) ~[spring-boot-health-4.0.3.jar:4.0.3]
	at org.springframework.boot.health.actuate.endpoint.HealthEndpointSupport.getDescriptor(HealthEndpointSupport.java:145) ~[spring-boot-health-4.0.3.jar:4.0.3]
	at org.springframework.boot.health.actuate.endpoint.HealthEndpointSupport.getAggregateDescriptor(HealthEndpointSupport.java:157) ~[spring-boot-health-4.0.3.jar:4.0.3]
	at org.springframework.boot.health.actuate.endpoint.HealthEndpointSupport.getDescriptor(HealthEndpointSupport.java:141) ~[spring-boot-health-4.0.3.jar:4.0.3]
	at org.springframework.boot.health.actuate.endpoint.HealthEndpointSupport.getResult(HealthEndpointSupport.java:110) ~[spring-boot-health-4.0.3.jar:4.0.3]
	at org.springframework.boot.health.actuate.endpoint.HealthEndpointSupport.getResult(HealthEndpointSupport.java:82) ~[spring-boot-health-4.0.3.jar:4.0.3]
	at org.springframework.boot.health.actuate.endpoint.HealthEndpointWebExtension.health(HealthEndpointWebExtension.java:85) ~[spring-boot-health-4.0.3.jar:4.0.3]
	at org.springframework.boot.health.actuate.endpoint.HealthEndpointWebExtension.health(HealthEndpointWebExtension.java:73) ~[spring-boot-health-4.0.3.jar:4.0.3]
	at java.base/jdk.internal.reflect.DirectMethodHandleAccessor.invoke(DirectMethodHandleAccessor.java:103) ~[na:na]
	at java.base/java.lang.reflect.Method.invoke(Method.java:580) ~[na:na]
	at org.springframework.util.ReflectionUtils.invokeMethod(ReflectionUtils.java:281) ~[spring-core-7.0.5.jar:7.0.5]
	at org.springframework.boot.actuate.endpoint.invoke.reflect.ReflectiveOperationInvoker.invoke(ReflectiveOperationInvoker.java:76) ~[spring-boot-actuator-4.0.3.jar:4.0.3]
	at org.springframework.boot.actuate.endpoint.annotation.AbstractDiscoveredOperation.invoke(AbstractDiscoveredOperation.java:62) ~[spring-boot-actuator-4.0.3.jar:4.0.3]
	at org.springframework.boot.webmvc.actuate.endpoint.web.AbstractWebMvcEndpointHandlerMapping$ServletWebOperationAdapter.handle(AbstractWebMvcEndpointHandlerMapping.java:328) ~[spring-boot-webmvc-4.0.3.jar:4.0.3]
	at org.springframework.boot.webmvc.actuate.endpoint.web.AbstractWebMvcEndpointHandlerMapping$OperationHandler.handle(AbstractWebMvcEndpointHandlerMapping.java:457) ~[spring-boot-webmvc-4.0.3.jar:4.0.3]
	at java.base/jdk.internal.reflect.DirectMethodHandleAccessor.invoke(DirectMethodHandleAccessor.java:103) ~[na:na]
	at java.base/java.lang.reflect.Method.invoke(Method.java:580) ~[na:na]
	at org.springframework.web.method.support.InvocableHandlerMethod.doInvoke(InvocableHandlerMethod.java:252) ~[spring-web-7.0.5.jar:7.0.5]
	at org.springframework.web.method.support.InvocableHandlerMethod.invokeForRequest(InvocableHandlerMethod.java:184) ~[spring-web-7.0.5.jar:7.0.5]
	at org.springframework.web.servlet.mvc.method.annotation.ServletInvocableHandlerMethod.invokeAndHandle(ServletInvocableHandlerMethod.java:117) ~[spring-webmvc-7.0.5.jar:7.0.5]
	at org.springframework.web.servlet.mvc.method.annotation.RequestMappingHandlerAdapter.invokeHandlerMethod(RequestMappingHandlerAdapter.java:934) ~[spring-webmvc-7.0.5.jar:7.0.5]
	at org.springframework.web.servlet.mvc.method.annotation.RequestMappingHandlerAdapter.handleInternal(RequestMappingHandlerAdapter.java:853) ~[spring-webmvc-7.0.5.jar:7.0.5]
	at org.springframework.web.servlet.mvc.method.AbstractHandlerMethodAdapter.handle(AbstractHandlerMethodAdapter.java:86) ~[spring-webmvc-7.0.5.jar:7.0.5]
	at org.springframework.web.servlet.DispatcherServlet.doDispatch(DispatcherServlet.java:963) ~[spring-webmvc-7.0.5.jar:7.0.5]
	at org.springframework.web.servlet.DispatcherServlet.doService(DispatcherServlet.java:866) ~[spring-webmvc-7.0.5.jar:7.0.5]
	at org.springframework.web.servlet.FrameworkServlet.processRequest(FrameworkServlet.java:1000) ~[spring-webmvc-7.0.5.jar:7.0.5]
	at org.springframework.web.servlet.FrameworkServlet.doGet(FrameworkServlet.java:892) ~[spring-webmvc-7.0.5.jar:7.0.5]
	at jakarta.servlet.http.HttpServlet.service(HttpServlet.java:622) ~[tomcat-embed-core-11.0.18.jar:6.1]
	at org.springframework.web.servlet.FrameworkServlet.service(FrameworkServlet.java:874) ~[spring-webmvc-7.0.5.jar:7.0.5]
	at jakarta.servlet.http.HttpServlet.service(HttpServlet.java:710) ~[tomcat-embed-core-11.0.18.jar:6.1]
	at org.apache.catalina.core.ApplicationFilterChain.doFilter(ApplicationFilterChain.java:128) ~[tomcat-embed-core-11.0.18.jar:11.0.18]
	at org.apache.tomcat.websocket.server.WsFilter.doFilter(WsFilter.java:53) ~[tomcat-embed-websocket-11.0.18.jar:11.0.18]
	at org.apache.catalina.core.ApplicationFilterChain.doFilter(ApplicationFilterChain.java:107) ~[tomcat-embed-core-11.0.18.jar:11.0.18]
	at org.springframework.web.filter.CompositeFilter$VirtualFilterChain.doFilter(CompositeFilter.java:108) ~[spring-web-7.0.5.jar:7.0.5]
	at org.springframework.security.web.FilterChainProxy.lambda$doFilterInternal$3(FilterChainProxy.java:235) ~[spring-security-web-7.0.3.jar:7.0.3]
	at org.springframework.security.web.ObservationFilterChainDecorator$FilterObservation$SimpleFilterObservation.lambda$wrap$1(ObservationFilterChainDecorator.java:493) ~[spring-security-web-7.0.3.jar:7.0.3]
	at org.springframework.security.web.ObservationFilterChainDecorator$AroundFilterObservation$SimpleAroundFilterObservation.lambda$wrap$1(ObservationFilterChainDecorator.java:354) ~[spring-security-web-7.0.3.jar:7.0.3]
	at org.springframework.security.web.ObservationFilterChainDecorator.lambda$wrapSecured$0(ObservationFilterChainDecorator.java:86) ~[spring-security-web-7.0.3.jar:7.0.3]
	at org.springframework.security.web.ObservationFilterChainDecorator$VirtualFilterChain.doFilter(ObservationFilterChainDecorator.java:132) ~[spring-security-web-7.0.3.jar:7.0.3]
	at org.springframework.security.web.access.intercept.AuthorizationFilter.doFilter(AuthorizationFilter.java:101) ~[spring-security-web-7.0.3.jar:7.0.3]
	at org.springframework.security.web.ObservationFilterChainDecorator$ObservationFilter.wrapFilter(ObservationFilterChainDecorator.java:244) ~[spring-security-web-7.0.3.jar:7.0.3]
	at org.springframework.security.web.ObservationFilterChainDecorator$ObservationFilter.doFilter(ObservationFilterChainDecorator.java:231) ~[spring-security-web-7.0.3.jar:7.0.3]
	at org.springframework.security.web.ObservationFilterChainDecorator$VirtualFilterChain.doFilter(ObservationFilterChainDecorator.java:141) ~[spring-security-web-7.0.3.jar:7.0.3]
	at org.springframework.security.web.access.ExceptionTranslationFilter.doFilter(ExceptionTranslationFilter.java:126) ~[spring-security-web-7.0.3.jar:7.0.3]
	at org.springframework.security.web.access.ExceptionTranslationFilter.doFilter(ExceptionTranslationFilter.java:120) ~[spring-security-web-7.0.3.jar:7.0.3]
	at org.springframework.security.web.ObservationFilterChainDecorator$ObservationFilter.wrapFilter(ObservationFilterChainDecorator.java:244) ~[spring-security-web-7.0.3.jar:7.0.3]
	at org.springframework.security.web.ObservationFilterChainDecorator$ObservationFilter.doFilter(ObservationFilterChainDecorator.java:231) ~[spring-security-web-7.0.3.jar:7.0.3]
	at org.springframework.security.web.ObservationFilterChainDecorator$VirtualFilterChain.doFilter(ObservationFilterChainDecorator.java:141) ~[spring-security-web-7.0.3.jar:7.0.3]
	at org.springframework.security.web.session.SessionManagementFilter.doFilter(SessionManagementFilter.java:132) ~[spring-security-web-7.0.3.jar:7.0.3]
	at org.springframework.security.web.session.SessionManagementFilter.doFilter(SessionManagementFilter.java:86) ~[spring-security-web-7.0.3.jar:7.0.3]
	at org.springframework.security.web.ObservationFilterChainDecorator$ObservationFilter.wrapFilter(ObservationFilterChainDecorator.java:244) ~[spring-security-web-7.0.3.jar:7.0.3]
	at org.springframework.security.web.ObservationFilterChainDecorator$ObservationFilter.doFilter(ObservationFilterChainDecorator.java:231) ~[spring-security-web-7.0.3.jar:7.0.3]
	at org.springframework.security.web.ObservationFilterChainDecorator$VirtualFilterChain.doFilter(ObservationFilterChainDecorator.java:141) ~[spring-security-web-7.0.3.jar:7.0.3]
	at org.springframework.security.web.authentication.AnonymousAuthenticationFilter.doFilter(AnonymousAuthenticationFilter.java:100) ~[spring-security-web-7.0.3.jar:7.0.3]
	at org.springframework.security.web.ObservationFilterChainDecorator$ObservationFilter.wrapFilter(ObservationFilterChainDecorator.java:244) ~[spring-security-web-7.0.3.jar:7.0.3]
	at org.springframework.security.web.ObservationFilterChainDecorator$ObservationFilter.doFilter(ObservationFilterChainDecorator.java:231) ~[spring-security-web-7.0.3.jar:7.0.3]
	at org.springframework.security.web.ObservationFilterChainDecorator$VirtualFilterChain.doFilter(ObservationFilterChainDecorator.java:141) ~[spring-security-web-7.0.3.jar:7.0.3]
	at org.springframework.security.web.servletapi.SecurityContextHolderAwareRequestFilter.doFilter(SecurityContextHolderAwareRequestFilter.java:181) ~[spring-security-web-7.0.3.jar:7.0.3]
	at org.springframework.security.web.ObservationFilterChainDecorator$ObservationFilter.wrapFilter(ObservationFilterChainDecorator.java:244) ~[spring-security-web-7.0.3.jar:7.0.3]
	at org.springframework.security.web.ObservationFilterChainDecorator$ObservationFilter.doFilter(ObservationFilterChainDecorator.java:231) ~[spring-security-web-7.0.3.jar:7.0.3]
	at org.springframework.security.web.ObservationFilterChainDecorator$VirtualFilterChain.doFilter(ObservationFilterChainDecorator.java:141) ~[spring-security-web-7.0.3.jar:7.0.3]
	at org.springframework.security.web.savedrequest.RequestCacheAwareFilter.doFilter(RequestCacheAwareFilter.java:63) ~[spring-security-web-7.0.3.jar:7.0.3]
	at org.springframework.security.web.ObservationFilterChainDecorator$ObservationFilter.wrapFilter(ObservationFilterChainDecorator.java:244) ~[spring-security-web-7.0.3.jar:7.0.3]
	at org.springframework.security.web.ObservationFilterChainDecorator$ObservationFilter.doFilter(ObservationFilterChainDecorator.java:231) ~[spring-security-web-7.0.3.jar:7.0.3]
	at org.springframework.security.web.ObservationFilterChainDecorator$VirtualFilterChain.doFilter(ObservationFilterChainDecorator.java:141) ~[spring-security-web-7.0.3.jar:7.0.3]
	at com.koala.koalaback.global.security.JwtFilter.doFilterInternal(JwtFilter.java:54) ~[main/:na]
	at org.springframework.web.filter.OncePerRequestFilter.doFilter(OncePerRequestFilter.java:116) ~[spring-web-7.0.5.jar:7.0.5]
	at org.springframework.security.web.ObservationFilterChainDecorator$ObservationFilter.wrapFilter(ObservationFilterChainDecorator.java:244) ~[spring-security-web-7.0.3.jar:7.0.3]
	at org.springframework.security.web.ObservationFilterChainDecorator$ObservationFilter.doFilter(ObservationFilterChainDecorator.java:231) ~[spring-security-web-7.0.3.jar:7.0.3]
	at org.springframework.security.web.ObservationFilterChainDecorator$VirtualFilterChain.doFilter(ObservationFilterChainDecorator.java:141) ~[spring-security-web-7.0.3.jar:7.0.3]
	at com.koala.koalaback.global.security.RateLimitFilter.doFilterInternal(RateLimitFilter.java:95) ~[main/:na]
	at org.springframework.web.filter.OncePerRequestFilter.doFilter(OncePerRequestFilter.java:116) ~[spring-web-7.0.5.jar:7.0.5]
	at org.springframework.security.web.ObservationFilterChainDecorator$ObservationFilter.wrapFilter(ObservationFilterChainDecorator.java:244) ~[spring-security-web-7.0.3.jar:7.0.3]
	at org.springframework.security.web.ObservationFilterChainDecorator$ObservationFilter.doFilter(ObservationFilterChainDecorator.java:231) ~[spring-security-web-7.0.3.jar:7.0.3]
	at org.springframework.security.web.ObservationFilterChainDecorator$VirtualFilterChain.doFilter(ObservationFilterChainDecorator.java:141) ~[spring-security-web-7.0.3.jar:7.0.3]
	at com.koala.koalaback.global.security.AdminIpAllowlistFilter.doFilterInternal(AdminIpAllowlistFilter.java:61) ~[main/:na]
	at org.springframework.web.filter.OncePerRequestFilter.doFilter(OncePerRequestFilter.java:116) ~[spring-web-7.0.5.jar:7.0.5]
	at org.springframework.security.web.ObservationFilterChainDecorator$ObservationFilter.wrapFilter(ObservationFilterChainDecorator.java:244) ~[spring-security-web-7.0.3.jar:7.0.3]
	at org.springframework.security.web.ObservationFilterChainDecorator$ObservationFilter.doFilter(ObservationFilterChainDecorator.java:231) ~[spring-security-web-7.0.3.jar:7.0.3]
	at org.springframework.security.web.ObservationFilterChainDecorator$VirtualFilterChain.doFilter(ObservationFilterChainDecorator.java:141) ~[spring-security-web-7.0.3.jar:7.0.3]
	at org.springframework.security.web.authentication.AbstractAuthenticationProcessingFilter.doFilter(AbstractAuthenticationProcessingFilter.java:245) ~[spring-security-web-7.0.3.jar:7.0.3]
	at org.springframework.security.web.authentication.AbstractAuthenticationProcessingFilter.doFilter(AbstractAuthenticationProcessingFilter.java:239) ~[spring-security-web-7.0.3.jar:7.0.3]
	at org.springframework.security.web.ObservationFilterChainDecorator$ObservationFilter.wrapFilter(ObservationFilterChainDecorator.java:244) ~[spring-security-web-7.0.3.jar:7.0.3]
	at org.springframework.security.web.ObservationFilterChainDecorator$ObservationFilter.doFilter(ObservationFilterChainDecorator.java:231) ~[spring-security-web-7.0.3.jar:7.0.3]
	at org.springframework.security.web.ObservationFilterChainDecorator$VirtualFilterChain.doFilter(ObservationFilterChainDecorator.java:141) ~[spring-security-web-7.0.3.jar:7.0.3]
	at org.springframework.security.oauth2.client.web.OAuth2AuthorizationRequestRedirectFilter.doFilterInternal(OAuth2AuthorizationRequestRedirectFilter.java:195) ~[spring-security-oauth2-client-7.0.3.jar:7.0.3]
	at org.springframework.web.filter.OncePerRequestFilter.doFilter(OncePerRequestFilter.java:116) ~[spring-web-7.0.5.jar:7.0.5]
	at org.springframework.security.web.ObservationFilterChainDecorator$ObservationFilter.wrapFilter(ObservationFilterChainDecorator.java:244) ~[spring-security-web-7.0.3.jar:7.0.3]
	at org.springframework.security.web.ObservationFilterChainDecorator$ObservationFilter.doFilter(ObservationFilterChainDecorator.java:231) ~[spring-security-web-7.0.3.jar:7.0.3]
	at org.springframework.security.web.ObservationFilterChainDecorator$VirtualFilterChain.doFilter(ObservationFilterChainDecorator.java:141) ~[spring-security-web-7.0.3.jar:7.0.3]
	at org.springframework.security.web.authentication.logout.LogoutFilter.doFilter(LogoutFilter.java:110) ~[spring-security-web-7.0.3.jar:7.0.3]
	at org.springframework.security.web.authentication.logout.LogoutFilter.doFilter(LogoutFilter.java:96) ~[spring-security-web-7.0.3.jar:7.0.3]
	at org.springframework.security.web.ObservationFilterChainDecorator$ObservationFilter.wrapFilter(ObservationFilterChainDecorator.java:244) ~[spring-security-web-7.0.3.jar:7.0.3]
	at org.springframework.security.web.ObservationFilterChainDecorator$ObservationFilter.doFilter(ObservationFilterChainDecorator.java:231) ~[spring-security-web-7.0.3.jar:7.0.3]
	at org.springframework.security.web.ObservationFilterChainDecorator$VirtualFilterChain.doFilter(ObservationFilterChainDecorator.java:141) ~[spring-security-web-7.0.3.jar:7.0.3]
	at org.springframework.web.filter.CorsFilter.doFilterInternal(CorsFilter.java:91) ~[spring-web-7.0.5.jar:7.0.5]
	at org.springframework.web.filter.OncePerRequestFilter.doFilter(OncePerRequestFilter.java:116) ~[spring-web-7.0.5.jar:7.0.5]
	at org.springframework.security.web.ObservationFilterChainDecorator$ObservationFilter.wrapFilter(ObservationFilterChainDecorator.java:244) ~[spring-security-web-7.0.3.jar:7.0.3]
	at org.springframework.security.web.ObservationFilterChainDecorator$ObservationFilter.doFilter(ObservationFilterChainDecorator.java:231) ~[spring-security-web-7.0.3.jar:7.0.3]
	at org.springframework.security.web.ObservationFilterChainDecorator$VirtualFilterChain.doFilter(ObservationFilterChainDecorator.java:141) ~[spring-security-web-7.0.3.jar:7.0.3]
	at org.springframework.security.web.header.HeaderWriterFilter.doHeadersAfter(HeaderWriterFilter.java:90) ~[spring-security-web-7.0.3.jar:7.0.3]
	at org.springframework.security.web.header.HeaderWriterFilter.doFilterInternal(HeaderWriterFilter.java:75) ~[spring-security-web-7.0.3.jar:7.0.3]
	at org.springframework.web.filter.OncePerRequestFilter.doFilter(OncePerRequestFilter.java:116) ~[spring-web-7.0.5.jar:7.0.5]
	at org.springframework.security.web.ObservationFilterChainDecorator$ObservationFilter.wrapFilter(ObservationFilterChainDecorator.java:244) ~[spring-security-web-7.0.3.jar:7.0.3]
	at org.springframework.security.web.ObservationFilterChainDecorator$ObservationFilter.doFilter(ObservationFilterChainDecorator.java:231) ~[spring-security-web-7.0.3.jar:7.0.3]
	at org.springframework.security.web.ObservationFilterChainDecorator$VirtualFilterChain.doFilter(ObservationFilterChainDecorator.java:141) ~[spring-security-web-7.0.3.jar:7.0.3]
	at org.springframework.security.web.context.SecurityContextHolderFilter.doFilter(SecurityContextHolderFilter.java:82) ~[spring-security-web-7.0.3.jar:7.0.3]
	at org.springframework.security.web.context.SecurityContextHolderFilter.doFilter(SecurityContextHolderFilter.java:69) ~[spring-security-web-7.0.3.jar:7.0.3]
	at org.springframework.security.web.ObservationFilterChainDecorator$ObservationFilter.wrapFilter(ObservationFilterChainDecorator.java:244) ~[spring-security-web-7.0.3.jar:7.0.3]
	at org.springframework.security.web.ObservationFilterChainDecorator$ObservationFilter.doFilter(ObservationFilterChainDecorator.java:231) ~[spring-security-web-7.0.3.jar:7.0.3]
	at org.springframework.security.web.ObservationFilterChainDecorator$VirtualFilterChain.doFilter(ObservationFilterChainDecorator.java:141) ~[spring-security-web-7.0.3.jar:7.0.3]
	at org.springframework.security.web.context.request.async.WebAsyncManagerIntegrationFilter.doFilterInternal(WebAsyncManagerIntegrationFilter.java:62) ~[spring-security-web-7.0.3.jar:7.0.3]
	at org.springframework.web.filter.OncePerRequestFilter.doFilter(OncePerRequestFilter.java:116) ~[spring-web-7.0.5.jar:7.0.5]
	at org.springframework.security.web.ObservationFilterChainDecorator$ObservationFilter.wrapFilter(ObservationFilterChainDecorator.java:244) ~[spring-security-web-7.0.3.jar:7.0.3]
	at org.springframework.security.web.ObservationFilterChainDecorator$ObservationFilter.doFilter(ObservationFilterChainDecorator.java:231) ~[spring-security-web-7.0.3.jar:7.0.3]
	at org.springframework.security.web.ObservationFilterChainDecorator$VirtualFilterChain.doFilter(ObservationFilterChainDecorator.java:141) ~[spring-security-web-7.0.3.jar:7.0.3]
	at org.springframework.security.web.session.DisableEncodeUrlFilter.doFilterInternal(DisableEncodeUrlFilter.java:42) ~[spring-security-web-7.0.3.jar:7.0.3]
	at org.springframework.web.filter.OncePerRequestFilter.doFilter(OncePerRequestFilter.java:116) ~[spring-web-7.0.5.jar:7.0.5]
	at org.springframework.security.web.ObservationFilterChainDecorator$ObservationFilter.wrapFilter(ObservationFilterChainDecorator.java:244) ~[spring-security-web-7.0.3.jar:7.0.3]
	at org.springframework.security.web.ObservationFilterChainDecorator$AroundFilterObservation$SimpleAroundFilterObservation.lambda$wrap$0(ObservationFilterChainDecorator.java:337) ~[spring-security-web-7.0.3.jar:7.0.3]
	at org.springframework.security.web.ObservationFilterChainDecorator$ObservationFilter.doFilter(ObservationFilterChainDecorator.java:228) ~[spring-security-web-7.0.3.jar:7.0.3]
	at org.springframework.security.web.ObservationFilterChainDecorator$VirtualFilterChain.doFilter(ObservationFilterChainDecorator.java:141) ~[spring-security-web-7.0.3.jar:7.0.3]
	at org.springframework.security.web.FilterChainProxy.doFilterInternal(FilterChainProxy.java:237) ~[spring-security-web-7.0.3.jar:7.0.3]
	at org.springframework.security.web.FilterChainProxy.doFilter(FilterChainProxy.java:195) ~[spring-security-web-7.0.3.jar:7.0.3]
	at org.springframework.web.filter.CompositeFilter$VirtualFilterChain.doFilter(CompositeFilter.java:113) ~[spring-web-7.0.5.jar:7.0.5]
	at org.springframework.web.filter.ServletRequestPathFilter.doFilter(ServletRequestPathFilter.java:52) ~[spring-web-7.0.5.jar:7.0.5]
	at org.springframework.web.filter.CompositeFilter$VirtualFilterChain.doFilter(CompositeFilter.java:113) ~[spring-web-7.0.5.jar:7.0.5]
	at org.springframework.web.filter.CompositeFilter.doFilter(CompositeFilter.java:74) ~[spring-web-7.0.5.jar:7.0.5]
	at org.springframework.security.config.annotation.web.configuration.WebSecurityConfiguration$CompositeFilterChainProxy.doFilter(WebSecurityConfiguration.java:317) ~[spring-security-config-7.0.3.jar:7.0.3]
	at org.springframework.web.filter.DelegatingFilterProxy.invokeDelegate(DelegatingFilterProxy.java:355) ~[spring-web-7.0.5.jar:7.0.5]
	at org.springframework.web.filter.DelegatingFilterProxy.doFilter(DelegatingFilterProxy.java:272) ~[spring-web-7.0.5.jar:7.0.5]
	at org.apache.catalina.core.ApplicationFilterChain.doFilter(ApplicationFilterChain.java:107) ~[tomcat-embed-core-11.0.18.jar:11.0.18]
	at org.springframework.web.filter.RequestContextFilter.doFilterInternal(RequestContextFilter.java:100) ~[spring-web-7.0.5.jar:7.0.5]
	at org.springframework.web.filter.OncePerRequestFilter.doFilter(OncePerRequestFilter.java:116) ~[spring-web-7.0.5.jar:7.0.5]
	at org.apache.catalina.core.ApplicationFilterChain.doFilter(ApplicationFilterChain.java:107) ~[tomcat-embed-core-11.0.18.jar:11.0.18]
	at org.springframework.web.filter.FormContentFilter.doFilterInternal(FormContentFilter.java:93) ~[spring-web-7.0.5.jar:7.0.5]
	at org.springframework.web.filter.OncePerRequestFilter.doFilter(OncePerRequestFilter.java:116) ~[spring-web-7.0.5.jar:7.0.5]
	at org.apache.catalina.core.ApplicationFilterChain.doFilter(ApplicationFilterChain.java:107) ~[tomcat-embed-core-11.0.18.jar:11.0.18]
	at org.springframework.web.filter.ServerHttpObservationFilter.doFilterInternal(ServerHttpObservationFilter.java:110) ~[spring-web-7.0.5.jar:7.0.5]
	at org.springframework.web.filter.OncePerRequestFilter.doFilter(OncePerRequestFilter.java:116) ~[spring-web-7.0.5.jar:7.0.5]
	at org.apache.catalina.core.ApplicationFilterChain.doFilter(ApplicationFilterChain.java:107) ~[tomcat-embed-core-11.0.18.jar:11.0.18]
	at org.springframework.web.filter.CharacterEncodingFilter.doFilterInternal(CharacterEncodingFilter.java:199) ~[spring-web-7.0.5.jar:7.0.5]
	at org.springframework.web.filter.OncePerRequestFilter.doFilter(OncePerRequestFilter.java:116) ~[spring-web-7.0.5.jar:7.0.5]
	at org.apache.catalina.core.ApplicationFilterChain.doFilter(ApplicationFilterChain.java:107) ~[tomcat-embed-core-11.0.18.jar:11.0.18]
	at org.apache.catalina.core.StandardWrapperValve.invoke(StandardWrapperValve.java:165) ~[tomcat-embed-core-11.0.18.jar:11.0.18]
	at org.apache.catalina.core.StandardContextValve.invoke(StandardContextValve.java:77) ~[tomcat-embed-core-11.0.18.jar:11.0.18]
	at org.apache.catalina.authenticator.AuthenticatorBase.invoke(AuthenticatorBase.java:492) ~[tomcat-embed-core-11.0.18.jar:11.0.18]
	at org.apache.catalina.core.StandardHostValve.invoke(StandardHostValve.java:113) ~[tomcat-embed-core-11.0.18.jar:11.0.18]
	at org.apache.catalina.valves.ErrorReportValve.invoke(ErrorReportValve.java:83) ~[tomcat-embed-core-11.0.18.jar:11.0.18]
	at org.apache.catalina.core.StandardEngineValve.invoke(StandardEngineValve.java:72) ~[tomcat-embed-core-11.0.18.jar:11.0.18]
	at org.apache.catalina.connector.CoyoteAdapter.service(CoyoteAdapter.java:341) ~[tomcat-embed-core-11.0.18.jar:11.0.18]
	at org.apache.coyote.http11.Http11Processor.service(Http11Processor.java:397) ~[tomcat-embed-core-11.0.18.jar:11.0.18]
	at org.apache.coyote.AbstractProcessorLight.process(AbstractProcessorLight.java:63) ~[tomcat-embed-core-11.0.18.jar:11.0.18]
	at org.apache.coyote.AbstractProtocol$ConnectionHandler.process(AbstractProtocol.java:903) ~[tomcat-embed-core-11.0.18.jar:11.0.18]
	at org.apache.tomcat.util.net.NioEndpoint$SocketProcessor.doRun(NioEndpoint.java:1779) ~[tomcat-embed-core-11.0.18.jar:11.0.18]
	at org.apache.tomcat.util.net.SocketProcessorBase.run(SocketProcessorBase.java:52) ~[tomcat-embed-core-11.0.18.jar:11.0.18]
	at org.apache.tomcat.util.threads.ThreadPoolExecutor.runWorker(ThreadPoolExecutor.java:946) ~[tomcat-embed-core-11.0.18.jar:11.0.18]
	at org.apache.tomcat.util.threads.ThreadPoolExecutor$Worker.run(ThreadPoolExecutor.java:480) ~[tomcat-embed-core-11.0.18.jar:11.0.18]
	at org.apache.tomcat.util.threads.TaskThread$WrappingRunnable.run(TaskThread.java:57) ~[tomcat-embed-core-11.0.18.jar:11.0.18]
	at java.base/java.lang.Thread.run(Thread.java:1583) ~[na:na]
Caused by: java.net.ConnectException: Connection refused: connect
	at java.base/sun.nio.ch.Net.connect0(Native Method) ~[na:na]
	at java.base/sun.nio.ch.Net.connect(Net.java:589) ~[na:na]
	at java.base/sun.nio.ch.Net.connect(Net.java:578) ~[na:na]
	at java.base/sun.nio.ch.NioSocketImpl.connect(NioSocketImpl.java:583) ~[na:na]
	at java.base/java.net.SocksSocketImpl.connect(SocksSocketImpl.java:327) ~[na:na]
	at java.base/java.net.Socket.connect(Socket.java:751) ~[na:na]
	at java.base/java.net.Socket.connect(Socket.java:686) ~[na:na]
	at org.eclipse.angus.mail.util.SocketFetcher.createSocket(SocketFetcher.java:368) ~[angus-mail-2.0.5.jar:na]
	at org.eclipse.angus.mail.util.SocketFetcher.getSocket(SocketFetcher.java:243) ~[angus-mail-2.0.5.jar:na]
	at org.eclipse.angus.mail.smtp.SMTPTransport.openServer(SMTPTransport.java:2193) ~[angus-mail-2.0.5.jar:na]
	... 169 common frames omitted

2026-06-03T14:47:33.089+09:00 DEBUG 19664 --- [koalaback] [nio-8080-exec-2] org.hibernate.SQL                        : 
    select
        a1_0.id,
        a1_0.admin_code,
        a1_0.created_at,
        a1_0.deleted_at,
        a1_0.email,
        a1_0.last_login_at,
        a1_0.last_login_ip,
        a1_0.login_fail_count,
        a1_0.login_id,
        a1_0.name,
        a1_0.password_changed_at,
        a1_0.password_hash,
        a1_0.phone,
        a1_0.status,
        a1_0.updated_at 
    from
        admins a1_0 
    where
        a1_0.login_id=?
2026-06-03T14:47:34.206+09:00 DEBUG 19664 --- [koalaback] [nio-8080-exec-2] org.hibernate.SQL                        : 
    insert 
    into
        admin_audit_logs
        (action_type, admin_id, after_data, before_data, created_at, http_method, ip_address, memo, request_path, target_id, target_type, user_agent) 
    values
        (?, ?, ?, ?, ?, ?, ?, ?, ?, ?, ?, ?)
2026-06-03T14:47:34.274+09:00  INFO 19664 --- [koalaback] [nio-8080-exec-2] c.k.k.domain.admin.service.AdminService  : Admin login: adminId=1
2026-06-03T14:47:34.357+09:00 DEBUG 19664 --- [koalaback] [nio-8080-exec-2] org.hibernate.SQL                        : 
    update
        admins 
    set
        admin_code=?,
        deleted_at=?,
        email=?,
        last_login_at=?,
        last_login_ip=?,
        login_fail_count=?,
        login_id=?,
        name=?,
        password_changed_at=?,
        password_hash=?,
        phone=?,
        status=?,
        updated_at=? 
    where
        id=?
2026-06-03T14:47:46.994+09:00 DEBUG 19664 --- [koalaback] [nio-8080-exec-4] org.hibernate.SQL                        : 
    select
        a1_0.id,
        a1_0.admin_code,
        a1_0.created_at,
        a1_0.deleted_at,
        a1_0.email,
        a1_0.last_login_at,
        a1_0.last_login_ip,
        a1_0.login_fail_count,
        a1_0.login_id,
        a1_0.name,
        a1_0.password_changed_at,
        a1_0.password_hash,
        a1_0.phone,
        a1_0.status,
        a1_0.updated_at 
    from
        admins a1_0 
    where
        a1_0.login_id=?
2026-06-03T14:47:47.839+09:00 DEBUG 19664 --- [koalaback] [nio-8080-exec-4] org.hibernate.SQL                        : 
    insert 
    into
        admin_audit_logs
        (action_type, admin_id, after_data, before_data, created_at, http_method, ip_address, memo, request_path, target_id, target_type, user_agent) 
    values
        (?, ?, ?, ?, ?, ?, ?, ?, ?, ?, ?, ?)
2026-06-03T14:47:47.845+09:00  INFO 19664 --- [koalaback] [nio-8080-exec-4] c.k.k.domain.admin.service.AdminService  : Admin login: adminId=1
2026-06-03T14:47:47.848+09:00 DEBUG 19664 --- [koalaback] [nio-8080-exec-4] org.hibernate.SQL                        : 
    update
        admins 
    set
        admin_code=?,
        deleted_at=?,
        email=?,
        last_login_at=?,
        last_login_ip=?,
        login_fail_count=?,
        login_id=?,
        name=?,
        password_changed_at=?,
        password_hash=?,
        phone=?,
        status=?,
        updated_at=? 
    where
        id=?
2026-06-03T14:47:48.221+09:00 DEBUG 19664 --- [koalaback] [nio-8080-exec-3] org.hibernate.SQL                        : 
    select
        a1_0.id,
        a1_0.admin_code,
        a1_0.created_at,
        a1_0.deleted_at,
        a1_0.email,
        a1_0.last_login_at,
        a1_0.last_login_ip,
        a1_0.login_fail_count,
        a1_0.login_id,
        a1_0.name,
        a1_0.password_changed_at,
        a1_0.password_hash,
        a1_0.phone,
        a1_0.status,
        a1_0.updated_at 
    from
        admins a1_0 
    where
        a1_0.id=?
2026-06-03T14:47:48.235+09:00 DEBUG 19664 --- [koalaback] [nio-8080-exec-3] org.hibernate.SQL                        : 
    select
        rm1_0.admin_id,
        rm1_0.id,
        rm1_0.created_at,
        rm1_0.role_id 
    from
        admin_role_mappings rm1_0 
    where
        rm1_0.admin_id=?
2026-06-03T14:47:48.278+09:00 DEBUG 19664 --- [koalaback] [nio-8080-exec-3] org.hibernate.SQL                        : 
    select
        ar1_0.id,
        ar1_0.created_at,
        ar1_0.description,
        ar1_0.is_active,
        ar1_0.role_code,
        ar1_0.role_name,
        ar1_0.updated_at 
    from
        admin_roles ar1_0 
    where
        ar1_0.id=?
2026-06-03T14:48:10.932+09:00 DEBUG 19664 --- [koalaback] [   scheduling-1] org.hibernate.SQL                        : 
    select
        o1_0.id,
        o1_0.cancelled_at,
        o1_0.created_at,
        o1_0.currency,
        o1_0.discount_amount,
        o1_0.order_no,
        o1_0.order_status,
        o1_0.orderer_email,
        o1_0.orderer_name,
        o1_0.orderer_phone,
        o1_0.paid_at,
        o1_0.payment_status,
        o1_0.product_amount,
        o1_0.shipping_amount,
        o1_0.tax_amount,
        o1_0.total_amount,
        o1_0.updated_at,
        o1_0.user_id 
    from
        orders o1_0 
    where
        o1_0.order_status=? 
        and o1_0.created_at<?
2026-06-03T14:48:10.976+09:00 DEBUG 19664 --- [koalaback] [   scheduling-1] org.hibernate.SQL                        : 
    select
        os1_0.id,
        os1_0.address1,
        os1_0.address2,
        os1_0.carrier_code,
        os1_0.created_at,
        os1_0.delivered_at,
        os1_0.delivery_request,
        os1_0.order_id,
        os1_0.recipient_name,
        os1_0.recipient_phone,
        os1_0.shipped_at,
        os1_0.tracking_no,
        os1_0.updated_at,
        os1_0.zip_code 
    from
        order_shipments os1_0 
    where
        os1_0.order_id=?
2026-06-03T14:48:11.004+09:00 DEBUG 19664 --- [koalaback] [   scheduling-1] org.hibernate.SQL                        : 
    select
        os1_0.id,
        os1_0.address1,
        os1_0.address2,
        os1_0.carrier_code,
        os1_0.created_at,
        os1_0.delivered_at,
        os1_0.delivery_request,
        os1_0.order_id,
        os1_0.recipient_name,
        os1_0.recipient_phone,
        os1_0.shipped_at,
        os1_0.tracking_no,
        os1_0.updated_at,
        os1_0.zip_code 
    from
        order_shipments os1_0 
    where
        os1_0.order_id=?
2026-06-03T14:48:11.010+09:00 DEBUG 19664 --- [koalaback] [   scheduling-1] org.hibernate.SQL                        : 
    select
        os1_0.id,
        os1_0.address1,
        os1_0.address2,
        os1_0.carrier_code,
        os1_0.created_at,
        os1_0.delivered_at,
        os1_0.delivery_request,
        os1_0.order_id,
        os1_0.recipient_name,
        os1_0.recipient_phone,
        os1_0.shipped_at,
        os1_0.tracking_no,
        os1_0.updated_at,
        os1_0.zip_code 
    from
        order_shipments os1_0 
    where
        os1_0.order_id=?
2026-06-03T14:48:11.014+09:00 DEBUG 19664 --- [koalaback] [   scheduling-1] org.hibernate.SQL                        : 
    select
        os1_0.id,
        os1_0.address1,
        os1_0.address2,
        os1_0.carrier_code,
        os1_0.created_at,
        os1_0.delivered_at,
        os1_0.delivery_request,
        os1_0.order_id,
        os1_0.recipient_name,
        os1_0.recipient_phone,
        os1_0.shipped_at,
        os1_0.tracking_no,
        os1_0.updated_at,
        os1_0.zip_code 
    from
        order_shipments os1_0 
    where
        os1_0.order_id=?
2026-06-03T14:48:11.022+09:00  INFO 19664 --- [koalaback] [   scheduling-1] c.k.k.d.o.service.OrderExpiryScheduler   : [OrderExpiry] 만료 미결제 주문 4건 처리 시작 (기준 30분 경과)
2026-06-03T14:48:11.026+09:00 DEBUG 19664 --- [koalaback] [   scheduling-1] org.hibernate.SQL                        : 
    select
        o1_0.id,
        o1_0.cancelled_at,
        o1_0.created_at,
        o1_0.currency,
        o1_0.discount_amount,
        o1_0.order_no,
        o1_0.order_status,
        o1_0.orderer_email,
        o1_0.orderer_name,
        o1_0.orderer_phone,
        o1_0.paid_at,
        o1_0.payment_status,
        o1_0.product_amount,
        s1_0.id,
        s1_0.address1,
        s1_0.address2,
        s1_0.carrier_code,
        s1_0.created_at,
        s1_0.delivered_at,
        s1_0.delivery_request,
        s1_0.order_id,
        s1_0.recipient_name,
        s1_0.recipient_phone,
        s1_0.shipped_at,
        s1_0.tracking_no,
        s1_0.updated_at,
        s1_0.zip_code,
        o1_0.shipping_amount,
        o1_0.tax_amount,
        o1_0.total_amount,
        o1_0.updated_at,
        o1_0.user_id 
    from
        orders o1_0 
    left join
        order_shipments s1_0 
            on o1_0.id=s1_0.order_id 
    where
        o1_0.id=?
2026-06-03T14:48:11.034+09:00 DEBUG 19664 --- [koalaback] [   scheduling-1] org.hibernate.SQL                        : 
    select
        oi1_0.order_id,
        oi1_0.id,
        oi1_0.artist_id,
        oi1_0.artist_code_snapshot,
        oi1_0.artist_name_snapshot,
        oi1_0.created_at,
        oi1_0.discount_amount,
        oi1_0.line_total_amount,
        oi1_0.quantity,
        oi1_0.review_written,
        oi1_0.sku_id,
        oi1_0.sku_code_snapshot,
        oi1_0.sku_name_snapshot,
        oi1_0.sku_snapshot_json,
        oi1_0.tax_amount,
        oi1_0.unit_price 
    from
        order_items oi1_0 
    where
        oi1_0.order_id=?
2026-06-03T14:48:11.048+09:00 DEBUG 19664 --- [koalaback] [   scheduling-1] org.hibernate.SQL                        : 
    select
        s1_0.id,
        s1_0.ar_asset_url,
        s1_0.ar_preview_image_url,
        s1_0.artist_id,
        s1_0.badges,
        s1_0.created_at,
        s1_0.currency,
        s1_0.deleted_at,
        s1_0.depth_cm,
        s1_0.description,
        s1_0.edition_number,
        s1_0.edition_size,
        s1_0.genre,
        s1_0.height_cm,
        s1_0.is_limited_edition,
        s1_0.list_price,
        s1_0.material,
        s1_0.material_description,
        s1_0.name,
        s1_0.packaging_description,
        s1_0.packaging_title,
        s1_0.primary_image_url,
        s1_0.published_at,
        s1_0.sale_price,
        s1_0.sku_code,
        s1_0.sku_type,
        s1_0.slug,
        s1_0.spine_pictures_json,
        s1_0.status,
        s1_0.updated_at,
        s1_0.weight_kg,
        s1_0.width_cm 
    from
        skus s1_0 
    where
        s1_0.id=?
2026-06-03T14:48:12.333+09:00  WARN 19664 --- [koalaback] [   scheduling-1] org.hibernate.orm.jdbc.error             : HHH000247: ErrorCode: 1054, SQLState: 42S22
2026-06-03T14:48:12.333+09:00  WARN 19664 --- [koalaback] [   scheduling-1] org.hibernate.orm.jdbc.error             : Unknown column 's1_0.badges' in 'field list'
2026-06-03T14:48:12.353+09:00 ERROR 19664 --- [koalaback] [   scheduling-1] c.k.k.d.o.service.OrderExpiryScheduler   : [OrderExpiry] 주문 KL-20260419170838-168E 만료 처리 실패: JDBC exception executing SQL [Unknown column 's1_0.badges' in 'field list'] [select s1_0.id,s1_0.ar_asset_url,s1_0.ar_preview_image_url,s1_0.artist_id,s1_0.badges,s1_0.created_at,s1_0.currency,s1_0.deleted_at,s1_0.depth_cm,s1_0.description,s1_0.edition_number,s1_0.edition_size,s1_0.genre,s1_0.height_cm,s1_0.is_limited_edition,s1_0.list_price,s1_0.material,s1_0.material_description,s1_0.name,s1_0.packaging_description,s1_0.packaging_title,s1_0.primary_image_url,s1_0.published_at,s1_0.sale_price,s1_0.sku_code,s1_0.sku_type,s1_0.slug,s1_0.spine_pictures_json,s1_0.status,s1_0.updated_at,s1_0.weight_kg,s1_0.width_cm from skus s1_0 where s1_0.id=?]; SQL [select s1_0.id,s1_0.ar_asset_url,s1_0.ar_preview_image_url,s1_0.artist_id,s1_0.badges,s1_0.created_at,s1_0.currency,s1_0.deleted_at,s1_0.depth_cm,s1_0.description,s1_0.edition_number,s1_0.edition_size,s1_0.genre,s1_0.height_cm,s1_0.is_limited_edition,s1_0.list_price,s1_0.material,s1_0.material_description,s1_0.name,s1_0.packaging_description,s1_0.packaging_title,s1_0.primary_image_url,s1_0.published_at,s1_0.sale_price,s1_0.sku_code,s1_0.sku_type,s1_0.slug,s1_0.spine_pictures_json,s1_0.status,s1_0.updated_at,s1_0.weight_kg,s1_0.width_cm from skus s1_0 where s1_0.id=?]

org.springframework.dao.InvalidDataAccessResourceUsageException: JDBC exception executing SQL [Unknown column 's1_0.badges' in 'field list'] [select s1_0.id,s1_0.ar_asset_url,s1_0.ar_preview_image_url,s1_0.artist_id,s1_0.badges,s1_0.created_at,s1_0.currency,s1_0.deleted_at,s1_0.depth_cm,s1_0.description,s1_0.edition_number,s1_0.edition_size,s1_0.genre,s1_0.height_cm,s1_0.is_limited_edition,s1_0.list_price,s1_0.material,s1_0.material_description,s1_0.name,s1_0.packaging_description,s1_0.packaging_title,s1_0.primary_image_url,s1_0.published_at,s1_0.sale_price,s1_0.sku_code,s1_0.sku_type,s1_0.slug,s1_0.spine_pictures_json,s1_0.status,s1_0.updated_at,s1_0.weight_kg,s1_0.width_cm from skus s1_0 where s1_0.id=?]; SQL [select s1_0.id,s1_0.ar_asset_url,s1_0.ar_preview_image_url,s1_0.artist_id,s1_0.badges,s1_0.created_at,s1_0.currency,s1_0.deleted_at,s1_0.depth_cm,s1_0.description,s1_0.edition_number,s1_0.edition_size,s1_0.genre,s1_0.height_cm,s1_0.is_limited_edition,s1_0.list_price,s1_0.material,s1_0.material_description,s1_0.name,s1_0.packaging_description,s1_0.packaging_title,s1_0.primary_image_url,s1_0.published_at,s1_0.sale_price,s1_0.sku_code,s1_0.sku_type,s1_0.slug,s1_0.spine_pictures_json,s1_0.status,s1_0.updated_at,s1_0.weight_kg,s1_0.width_cm from skus s1_0 where s1_0.id=?]
	at org.springframework.orm.jpa.hibernate.HibernateExceptionTranslator.convertHibernateAccessException(HibernateExceptionTranslator.java:156) ~[spring-orm-7.0.5.jar:7.0.5]
	at org.springframework.orm.jpa.hibernate.HibernateExceptionTranslator.convertHibernateAccessException(HibernateExceptionTranslator.java:131) ~[spring-orm-7.0.5.jar:7.0.5]
	at org.springframework.orm.jpa.hibernate.HibernateExceptionTranslator.translateExceptionIfPossible(HibernateExceptionTranslator.java:105) ~[spring-orm-7.0.5.jar:7.0.5]
	at org.springframework.orm.jpa.vendor.HibernateJpaDialect.translateExceptionIfPossible(HibernateJpaDialect.java:223) ~[spring-orm-7.0.5.jar:7.0.5]
	at org.springframework.orm.jpa.AbstractEntityManagerFactoryBean.translateExceptionIfPossible(AbstractEntityManagerFactoryBean.java:576) ~[spring-orm-7.0.5.jar:7.0.5]
	at org.springframework.dao.support.ChainedPersistenceExceptionTranslator.translateExceptionIfPossible(ChainedPersistenceExceptionTranslator.java:61) ~[spring-tx-7.0.5.jar:7.0.5]
	at org.springframework.dao.support.DataAccessUtils.translateIfNecessary(DataAccessUtils.java:346) ~[spring-tx-7.0.5.jar:7.0.5]
	at org.springframework.dao.support.PersistenceExceptionTranslationInterceptor.invoke(PersistenceExceptionTranslationInterceptor.java:157) ~[spring-tx-7.0.5.jar:7.0.5]
	at org.springframework.aop.framework.ReflectiveMethodInvocation.proceed(ReflectiveMethodInvocation.java:179) ~[spring-aop-7.0.5.jar:7.0.5]
	at org.springframework.data.jpa.repository.support.CrudMethodMetadataPostProcessor$CrudMethodMetadataPopulatingMethodInterceptor.invoke(CrudMethodMetadataPostProcessor.java:166) ~[spring-data-jpa-4.0.3.jar:4.0.3]
	at org.springframework.aop.framework.ReflectiveMethodInvocation.proceed(ReflectiveMethodInvocation.java:179) ~[spring-aop-7.0.5.jar:7.0.5]
	at org.springframework.aop.framework.JdkDynamicAopProxy.invoke(JdkDynamicAopProxy.java:222) ~[spring-aop-7.0.5.jar:7.0.5]
	at jdk.proxy4/jdk.proxy4.$Proxy207.findById(Unknown Source) ~[na:na]
	at com.koala.koalaback.domain.sku.service.StockService.getSkuOrThrow(StockService.java:118) ~[main/:na]
	at com.koala.koalaback.domain.sku.service.StockService.restore(StockService.java:73) ~[main/:na]
	at java.base/jdk.internal.reflect.DirectMethodHandleAccessor.invoke(DirectMethodHandleAccessor.java:103) ~[na:na]
	at java.base/java.lang.reflect.Method.invoke(Method.java:580) ~[na:na]
	at org.springframework.aop.support.AopUtils.invokeJoinpointUsingReflection(AopUtils.java:359) ~[spring-aop-7.0.5.jar:7.0.5]
	at org.springframework.aop.framework.ReflectiveMethodInvocation.invokeJoinpoint(ReflectiveMethodInvocation.java:190) ~[spring-aop-7.0.5.jar:7.0.5]
	at org.springframework.aop.framework.ReflectiveMethodInvocation.proceed(ReflectiveMethodInvocation.java:158) ~[spring-aop-7.0.5.jar:7.0.5]
	at org.springframework.transaction.interceptor.TransactionInterceptor$1.proceedWithInvocation(TransactionInterceptor.java:133) ~[spring-tx-7.0.5.jar:7.0.5]
	at org.springframework.transaction.interceptor.TransactionAspectSupport.invokeWithinTransaction(TransactionAspectSupport.java:371) ~[spring-tx-7.0.5.jar:7.0.5]
	at org.springframework.transaction.interceptor.TransactionInterceptor.invoke(TransactionInterceptor.java:130) ~[spring-tx-7.0.5.jar:7.0.5]
	at org.springframework.aop.framework.ReflectiveMethodInvocation.proceed(ReflectiveMethodInvocation.java:179) ~[spring-aop-7.0.5.jar:7.0.5]
	at org.springframework.aop.framework.CglibAopProxy$DynamicAdvisedInterceptor.intercept(CglibAopProxy.java:719) ~[spring-aop-7.0.5.jar:7.0.5]
	at com.koala.koalaback.domain.sku.service.StockService$$SpringCGLIB$$0.restore(<generated>) ~[main/:na]
	at com.koala.koalaback.domain.order.service.OrderService.lambda$expirePendingOrder$6(OrderService.java:191) ~[main/:na]
	at java.base/java.lang.Iterable.forEach(Iterable.java:75) ~[na:na]
	at com.koala.koalaback.domain.order.service.OrderService.expirePendingOrder(OrderService.java:189) ~[main/:na]
	at java.base/jdk.internal.reflect.DirectMethodHandleAccessor.invoke(DirectMethodHandleAccessor.java:103) ~[na:na]
	at java.base/java.lang.reflect.Method.invoke(Method.java:580) ~[na:na]
	at org.springframework.aop.support.AopUtils.invokeJoinpointUsingReflection(AopUtils.java:359) ~[spring-aop-7.0.5.jar:7.0.5]
	at org.springframework.aop.framework.ReflectiveMethodInvocation.invokeJoinpoint(ReflectiveMethodInvocation.java:190) ~[spring-aop-7.0.5.jar:7.0.5]
	at org.springframework.aop.framework.ReflectiveMethodInvocation.proceed(ReflectiveMethodInvocation.java:158) ~[spring-aop-7.0.5.jar:7.0.5]
	at org.springframework.transaction.interceptor.TransactionInterceptor$1.proceedWithInvocation(TransactionInterceptor.java:133) ~[spring-tx-7.0.5.jar:7.0.5]
	at org.springframework.transaction.interceptor.TransactionAspectSupport.invokeWithinTransaction(TransactionAspectSupport.java:371) ~[spring-tx-7.0.5.jar:7.0.5]
	at org.springframework.transaction.interceptor.TransactionInterceptor.invoke(TransactionInterceptor.java:130) ~[spring-tx-7.0.5.jar:7.0.5]
	at org.springframework.aop.framework.ReflectiveMethodInvocation.proceed(ReflectiveMethodInvocation.java:179) ~[spring-aop-7.0.5.jar:7.0.5]
	at org.springframework.aop.framework.CglibAopProxy$DynamicAdvisedInterceptor.intercept(CglibAopProxy.java:719) ~[spring-aop-7.0.5.jar:7.0.5]
	at com.koala.koalaback.domain.order.service.OrderService$$SpringCGLIB$$0.expirePendingOrder(<generated>) ~[main/:na]
	at com.koala.koalaback.domain.order.service.OrderExpiryScheduler.releaseExpiredPendingOrders(OrderExpiryScheduler.java:50) ~[main/:na]
	at java.base/jdk.internal.reflect.DirectMethodHandleAccessor.invoke(DirectMethodHandleAccessor.java:103) ~[na:na]
	at java.base/java.lang.reflect.Method.invoke(Method.java:580) ~[na:na]
	at org.springframework.scheduling.support.ScheduledMethodRunnable.runInternal(ScheduledMethodRunnable.java:128) ~[spring-context-7.0.5.jar:7.0.5]
	at org.springframework.scheduling.support.ScheduledMethodRunnable.lambda$run$1(ScheduledMethodRunnable.java:122) ~[spring-context-7.0.5.jar:7.0.5]
	at io.micrometer.observation.Observation.observe(Observation.java:564) ~[micrometer-observation-1.16.3.jar:1.16.3]
	at org.springframework.scheduling.support.ScheduledMethodRunnable.run(ScheduledMethodRunnable.java:122) ~[spring-context-7.0.5.jar:7.0.5]
	at org.springframework.scheduling.config.Task$OutcomeTrackingRunnable.run(Task.java:88) ~[spring-context-7.0.5.jar:7.0.5]
	at org.springframework.scheduling.support.DelegatingErrorHandlingRunnable.run(DelegatingErrorHandlingRunnable.java:54) ~[spring-context-7.0.5.jar:7.0.5]
	at java.base/java.util.concurrent.Executors$RunnableAdapter.call(Executors.java:572) ~[na:na]
	at java.base/java.util.concurrent.FutureTask.runAndReset(FutureTask.java:358) ~[na:na]
	at java.base/java.util.concurrent.ScheduledThreadPoolExecutor$ScheduledFutureTask.run(ScheduledThreadPoolExecutor.java:305) ~[na:na]
	at java.base/java.util.concurrent.ThreadPoolExecutor.runWorker(ThreadPoolExecutor.java:1144) ~[na:na]
	at java.base/java.util.concurrent.ThreadPoolExecutor$Worker.run(ThreadPoolExecutor.java:642) ~[na:na]
	at java.base/java.lang.Thread.run(Thread.java:1583) ~[na:na]
Caused by: org.hibernate.exception.SQLGrammarException: JDBC exception executing SQL [Unknown column 's1_0.badges' in 'field list'] [select s1_0.id,s1_0.ar_asset_url,s1_0.ar_preview_image_url,s1_0.artist_id,s1_0.badges,s1_0.created_at,s1_0.currency,s1_0.deleted_at,s1_0.depth_cm,s1_0.description,s1_0.edition_number,s1_0.edition_size,s1_0.genre,s1_0.height_cm,s1_0.is_limited_edition,s1_0.list_price,s1_0.material,s1_0.material_description,s1_0.name,s1_0.packaging_description,s1_0.packaging_title,s1_0.primary_image_url,s1_0.published_at,s1_0.sale_price,s1_0.sku_code,s1_0.sku_type,s1_0.slug,s1_0.spine_pictures_json,s1_0.status,s1_0.updated_at,s1_0.weight_kg,s1_0.width_cm from skus s1_0 where s1_0.id=?]
	at org.hibernate.exception.internal.SQLExceptionTypeDelegate.convert(SQLExceptionTypeDelegate.java:64) ~[hibernate-core-7.2.4.Final.jar:7.2.4.Final]
	at org.hibernate.exception.internal.StandardSQLExceptionConverter.convert(StandardSQLExceptionConverter.java:34) ~[hibernate-core-7.2.4.Final.jar:7.2.4.Final]
	at org.hibernate.engine.jdbc.spi.SqlExceptionHelper.convert(SqlExceptionHelper.java:115) ~[hibernate-core-7.2.4.Final.jar:7.2.4.Final]
	at org.hibernate.sql.results.jdbc.internal.DeferredResultSetAccess.executeQuery(DeferredResultSetAccess.java:290) ~[hibernate-core-7.2.4.Final.jar:7.2.4.Final]
	at org.hibernate.sql.results.jdbc.internal.DeferredResultSetAccess.getResultSet(DeferredResultSetAccess.java:190) ~[hibernate-core-7.2.4.Final.jar:7.2.4.Final]
	at org.hibernate.sql.results.jdbc.internal.JdbcValuesResultSetImpl.<init>(JdbcValuesResultSetImpl.java:71) ~[hibernate-core-7.2.4.Final.jar:7.2.4.Final]
	at org.hibernate.sql.exec.internal.JdbcSelectExecutorStandardImpl.resolveJdbcValues(JdbcSelectExecutorStandardImpl.java:393) ~[hibernate-core-7.2.4.Final.jar:7.2.4.Final]
	at org.hibernate.sql.exec.internal.JdbcSelectExecutorStandardImpl.resolveJdbcValuesSource(JdbcSelectExecutorStandardImpl.java:354) ~[hibernate-core-7.2.4.Final.jar:7.2.4.Final]
	at org.hibernate.sql.exec.internal.JdbcSelectExecutorStandardImpl.doExecuteQuery(JdbcSelectExecutorStandardImpl.java:135) ~[hibernate-core-7.2.4.Final.jar:7.2.4.Final]
	at org.hibernate.sql.exec.internal.JdbcSelectExecutorStandardImpl.executeQuery(JdbcSelectExecutorStandardImpl.java:100) ~[hibernate-core-7.2.4.Final.jar:7.2.4.Final]
	at org.hibernate.sql.exec.spi.JdbcSelectExecutor.executeQuery(JdbcSelectExecutor.java:63) ~[hibernate-core-7.2.4.Final.jar:7.2.4.Final]
	at org.hibernate.sql.exec.spi.JdbcSelectExecutor.list(JdbcSelectExecutor.java:137) ~[hibernate-core-7.2.4.Final.jar:7.2.4.Final]
	at org.hibernate.loader.ast.internal.SingleIdLoadPlan.load(SingleIdLoadPlan.java:139) ~[hibernate-core-7.2.4.Final.jar:7.2.4.Final]
	at org.hibernate.loader.ast.internal.SingleIdEntityLoaderStandardImpl.load(SingleIdEntityLoaderStandardImpl.java:74) ~[hibernate-core-7.2.4.Final.jar:7.2.4.Final]
	at org.hibernate.loader.ast.internal.AbstractEntityBatchLoader.load(AbstractEntityBatchLoader.java:89) ~[hibernate-core-7.2.4.Final.jar:7.2.4.Final]
	at org.hibernate.loader.ast.internal.AbstractEntityBatchLoader.load(AbstractEntityBatchLoader.java:52) ~[hibernate-core-7.2.4.Final.jar:7.2.4.Final]
	at org.hibernate.loader.ast.internal.EntityBatchLoaderInPredicate.load(EntityBatchLoaderInPredicate.java:105) ~[hibernate-core-7.2.4.Final.jar:7.2.4.Final]
	at org.hibernate.persister.entity.AbstractEntityPersister.doLoad(AbstractEntityPersister.java:3530) ~[hibernate-core-7.2.4.Final.jar:7.2.4.Final]
	at org.hibernate.persister.entity.AbstractEntityPersister.load(AbstractEntityPersister.java:3519) ~[hibernate-core-7.2.4.Final.jar:7.2.4.Final]
	at org.hibernate.event.internal.DefaultLoadEventListener.loadFromDatasource(DefaultLoadEventListener.java:576) ~[hibernate-core-7.2.4.Final.jar:7.2.4.Final]
	at org.hibernate.event.internal.DefaultLoadEventListener.loadFromCacheOrDatasource(DefaultLoadEventListener.java:550) ~[hibernate-core-7.2.4.Final.jar:7.2.4.Final]
	at org.hibernate.event.internal.DefaultLoadEventListener.load(DefaultLoadEventListener.java:534) ~[hibernate-core-7.2.4.Final.jar:7.2.4.Final]
	at org.hibernate.event.internal.DefaultLoadEventListener.doLoad(DefaultLoadEventListener.java:520) ~[hibernate-core-7.2.4.Final.jar:7.2.4.Final]
	at org.hibernate.event.internal.DefaultLoadEventListener.load(DefaultLoadEventListener.java:186) ~[hibernate-core-7.2.4.Final.jar:7.2.4.Final]
	at org.hibernate.event.internal.DefaultLoadEventListener.proxyImplementation(DefaultLoadEventListener.java:372) ~[hibernate-core-7.2.4.Final.jar:7.2.4.Final]
	at org.hibernate.event.internal.DefaultLoadEventListener.narrowedProxy(DefaultLoadEventListener.java:365) ~[hibernate-core-7.2.4.Final.jar:7.2.4.Final]
	at org.hibernate.event.internal.DefaultLoadEventListener.loadWithRegularProxy(DefaultLoadEventListener.java:259) ~[hibernate-core-7.2.4.Final.jar:7.2.4.Final]
	at org.hibernate.event.internal.DefaultLoadEventListener.proxyOrLoad(DefaultLoadEventListener.java:219) ~[hibernate-core-7.2.4.Final.jar:7.2.4.Final]
	at org.hibernate.event.internal.DefaultLoadEventListener.doOnLoad(DefaultLoadEventListener.java:96) ~[hibernate-core-7.2.4.Final.jar:7.2.4.Final]
	at org.hibernate.event.internal.DefaultLoadEventListener.onLoad(DefaultLoadEventListener.java:55) ~[hibernate-core-7.2.4.Final.jar:7.2.4.Final]
	at org.hibernate.event.service.internal.EventListenerGroupImpl.fireEventOnEachListener(EventListenerGroupImpl.java:149) ~[hibernate-core-7.2.4.Final.jar:7.2.4.Final]
	at org.hibernate.internal.SessionImpl.fireLoadNoChecks(SessionImpl.java:1291) ~[hibernate-core-7.2.4.Final.jar:7.2.4.Final]
	at org.hibernate.internal.SessionImpl.fireLoad(SessionImpl.java:1278) ~[hibernate-core-7.2.4.Final.jar:7.2.4.Final]
	at org.hibernate.internal.SessionImpl.load(SessionImpl.java:1261) ~[hibernate-core-7.2.4.Final.jar:7.2.4.Final]
	at org.hibernate.loader.internal.IdentifierLoadAccessImpl.doLoad(IdentifierLoadAccessImpl.java:178) ~[hibernate-core-7.2.4.Final.jar:7.2.4.Final]
	at org.hibernate.loader.internal.IdentifierLoadAccessImpl.lambda$load$0(IdentifierLoadAccessImpl.java:164) ~[hibernate-core-7.2.4.Final.jar:7.2.4.Final]
	at org.hibernate.loader.internal.IdentifierLoadAccessImpl.perform(IdentifierLoadAccessImpl.java:127) ~[hibernate-core-7.2.4.Final.jar:7.2.4.Final]
	at org.hibernate.loader.internal.IdentifierLoadAccessImpl.load(IdentifierLoadAccessImpl.java:164) ~[hibernate-core-7.2.4.Final.jar:7.2.4.Final]
	at org.hibernate.internal.SessionImpl.find(SessionImpl.java:2194) ~[hibernate-core-7.2.4.Final.jar:7.2.4.Final]
	at org.hibernate.internal.SessionImpl.find(SessionImpl.java:2168) ~[hibernate-core-7.2.4.Final.jar:7.2.4.Final]
	at java.base/jdk.internal.reflect.DirectMethodHandleAccessor.invoke(DirectMethodHandleAccessor.java:103) ~[na:na]
	at java.base/java.lang.reflect.Method.invoke(Method.java:580) ~[na:na]
	at org.springframework.orm.jpa.SharedEntityManagerCreator$SharedEntityHandlerInvocationHandler.invokeMethod(SharedEntityManagerCreator.java:240) ~[spring-orm-7.0.5.jar:7.0.5]
	at org.springframework.orm.jpa.SharedEntityManagerCreator$SharedEntityManagerInvocationHandler.invoke(SharedEntityManagerCreator.java:386) ~[spring-orm-7.0.5.jar:7.0.5]
	at jdk.proxy4/jdk.proxy4.$Proxy185.find(Unknown Source) ~[na:na]
	at org.springframework.data.jpa.repository.support.SimpleJpaRepository.findById(SimpleJpaRepository.java:342) ~[spring-data-jpa-4.0.3.jar:4.0.3]
	at java.base/jdk.internal.reflect.DirectMethodHandleAccessor.invoke(DirectMethodHandleAccessor.java:103) ~[na:na]
	at java.base/java.lang.reflect.Method.invoke(Method.java:580) ~[na:na]
	at org.springframework.aop.support.AopUtils.invokeJoinpointUsingReflection(AopUtils.java:359) ~[spring-aop-7.0.5.jar:7.0.5]
	at org.springframework.data.repository.core.support.RepositoryMethodInvoker$RepositoryFragmentMethodInvoker.lambda$new$0(RepositoryMethodInvoker.java:278) ~[spring-data-commons-4.0.3.jar:4.0.3]
	at org.springframework.data.repository.core.support.RepositoryMethodInvoker.doInvoke(RepositoryMethodInvoker.java:169) ~[spring-data-commons-4.0.3.jar:4.0.3]
	at org.springframework.data.repository.core.support.RepositoryMethodInvoker.invoke(RepositoryMethodInvoker.java:158) ~[spring-data-commons-4.0.3.jar:4.0.3]
	at org.springframework.data.repository.core.support.RepositoryComposition$RepositoryFragments.invoke(RepositoryComposition.java:545) ~[spring-data-commons-4.0.3.jar:4.0.3]
	at org.springframework.data.repository.core.support.RepositoryComposition.invoke(RepositoryComposition.java:290) ~[spring-data-commons-4.0.3.jar:4.0.3]
	at org.springframework.data.repository.core.support.RepositoryFactorySupport$ImplementationMethodExecutionInterceptor.invoke(RepositoryFactorySupport.java:690) ~[spring-data-commons-4.0.3.jar:4.0.3]
	at org.springframework.aop.framework.ReflectiveMethodInvocation.proceed(ReflectiveMethodInvocation.java:179) ~[spring-aop-7.0.5.jar:7.0.5]
	at org.springframework.data.repository.core.support.QueryExecutorMethodInterceptor.doInvoke(QueryExecutorMethodInterceptor.java:171) ~[spring-data-commons-4.0.3.jar:4.0.3]
	at org.springframework.data.repository.core.support.QueryExecutorMethodInterceptor.invoke(QueryExecutorMethodInterceptor.java:146) ~[spring-data-commons-4.0.3.jar:4.0.3]
	at org.springframework.aop.framework.ReflectiveMethodInvocation.proceed(ReflectiveMethodInvocation.java:179) ~[spring-aop-7.0.5.jar:7.0.5]
	at org.springframework.data.projection.DefaultMethodInvokingMethodInterceptor.invoke(DefaultMethodInvokingMethodInterceptor.java:69) ~[spring-data-commons-4.0.3.jar:4.0.3]
	at org.springframework.aop.framework.ReflectiveMethodInvocation.proceed(ReflectiveMethodInvocation.java:179) ~[spring-aop-7.0.5.jar:7.0.5]
	at org.springframework.transaction.interceptor.TransactionInterceptor$1.proceedWithInvocation(TransactionInterceptor.java:133) ~[spring-tx-7.0.5.jar:7.0.5]
	at org.springframework.transaction.interceptor.TransactionAspectSupport.invokeWithinTransaction(TransactionAspectSupport.java:371) ~[spring-tx-7.0.5.jar:7.0.5]
	at org.springframework.transaction.interceptor.TransactionInterceptor.invoke(TransactionInterceptor.java:130) ~[spring-tx-7.0.5.jar:7.0.5]
	at org.springframework.aop.framework.ReflectiveMethodInvocation.proceed(ReflectiveMethodInvocation.java:179) ~[spring-aop-7.0.5.jar:7.0.5]
	at org.springframework.dao.support.PersistenceExceptionTranslationInterceptor.invoke(PersistenceExceptionTranslationInterceptor.java:135) ~[spring-tx-7.0.5.jar:7.0.5]
	... 47 common frames omitted
Caused by: java.sql.SQLSyntaxErrorException: Unknown column 's1_0.badges' in 'field list'
	at com.mysql.cj.jdbc.exceptions.SQLError.createSQLException(SQLError.java:112) ~[mysql-connector-j-9.6.0.jar:9.6.0]
	at com.mysql.cj.jdbc.exceptions.SQLExceptionsMapping.translateException(SQLExceptionsMapping.java:114) ~[mysql-connector-j-9.6.0.jar:9.6.0]
	at com.mysql.cj.jdbc.ClientPreparedStatement.executeInternal(ClientPreparedStatement.java:988) ~[mysql-connector-j-9.6.0.jar:9.6.0]
	at com.mysql.cj.jdbc.ClientPreparedStatement.executeQuery(ClientPreparedStatement.java:1056) ~[mysql-connector-j-9.6.0.jar:9.6.0]
	at com.zaxxer.hikari.pool.ProxyPreparedStatement.executeQuery(ProxyPreparedStatement.java:52) ~[HikariCP-7.0.2.jar:na]
	at com.zaxxer.hikari.pool.HikariProxyPreparedStatement.executeQuery(HikariProxyPreparedStatement.java) ~[HikariCP-7.0.2.jar:na]
	at org.hibernate.sql.results.jdbc.internal.DeferredResultSetAccess.executeQuery(DeferredResultSetAccess.java:271) ~[hibernate-core-7.2.4.Final.jar:7.2.4.Final]
	... 109 common frames omitted

2026-06-03T14:48:12.374+09:00 DEBUG 19664 --- [koalaback] [   scheduling-1] org.hibernate.SQL                        : 
    select
        o1_0.id,
        o1_0.cancelled_at,
        o1_0.created_at,
        o1_0.currency,
        o1_0.discount_amount,
        o1_0.order_no,
        o1_0.order_status,
        o1_0.orderer_email,
        o1_0.orderer_name,
        o1_0.orderer_phone,
        o1_0.paid_at,
        o1_0.payment_status,
        o1_0.product_amount,
        s1_0.id,
        s1_0.address1,
        s1_0.address2,
        s1_0.carrier_code,
        s1_0.created_at,
        s1_0.delivered_at,
        s1_0.delivery_request,
        s1_0.order_id,
        s1_0.recipient_name,
        s1_0.recipient_phone,
        s1_0.shipped_at,
        s1_0.tracking_no,
        s1_0.updated_at,
        s1_0.zip_code,
        o1_0.shipping_amount,
        o1_0.tax_amount,
        o1_0.total_amount,
        o1_0.updated_at,
        o1_0.user_id 
    from
        orders o1_0 
    left join
        order_shipments s1_0 
            on o1_0.id=s1_0.order_id 
    where
        o1_0.id=?
2026-06-03T14:48:12.379+09:00 DEBUG 19664 --- [koalaback] [   scheduling-1] org.hibernate.SQL                        : 
    select
        oi1_0.order_id,
        oi1_0.id,
        oi1_0.artist_id,
        oi1_0.artist_code_snapshot,
        oi1_0.artist_name_snapshot,
        oi1_0.created_at,
        oi1_0.discount_amount,
        oi1_0.line_total_amount,
        oi1_0.quantity,
        oi1_0.review_written,
        oi1_0.sku_id,
        oi1_0.sku_code_snapshot,
        oi1_0.sku_name_snapshot,
        oi1_0.sku_snapshot_json,
        oi1_0.tax_amount,
        oi1_0.unit_price 
    from
        order_items oi1_0 
    where
        oi1_0.order_id=?
2026-06-03T14:48:12.384+09:00 DEBUG 19664 --- [koalaback] [   scheduling-1] org.hibernate.SQL                        : 
    select
        s1_0.id,
        s1_0.ar_asset_url,
        s1_0.ar_preview_image_url,
        s1_0.artist_id,
        s1_0.badges,
        s1_0.created_at,
        s1_0.currency,
        s1_0.deleted_at,
        s1_0.depth_cm,
        s1_0.description,
        s1_0.edition_number,
        s1_0.edition_size,
        s1_0.genre,
        s1_0.height_cm,
        s1_0.is_limited_edition,
        s1_0.list_price,
        s1_0.material,
        s1_0.material_description,
        s1_0.name,
        s1_0.packaging_description,
        s1_0.packaging_title,
        s1_0.primary_image_url,
        s1_0.published_at,
        s1_0.sale_price,
        s1_0.sku_code,
        s1_0.sku_type,
        s1_0.slug,
        s1_0.spine_pictures_json,
        s1_0.status,
        s1_0.updated_at,
        s1_0.weight_kg,
        s1_0.width_cm 
    from
        skus s1_0 
    where
        s1_0.id=?
2026-06-03T14:48:12.386+09:00  WARN 19664 --- [koalaback] [   scheduling-1] org.hibernate.orm.jdbc.error             : HHH000247: ErrorCode: 1054, SQLState: 42S22
2026-06-03T14:48:12.387+09:00  WARN 19664 --- [koalaback] [   scheduling-1] org.hibernate.orm.jdbc.error             : Unknown column 's1_0.badges' in 'field list'
2026-06-03T14:48:12.388+09:00 ERROR 19664 --- [koalaback] [   scheduling-1] c.k.k.d.o.service.OrderExpiryScheduler   : [OrderExpiry] 주문 KL-20260419172053-0EEE 만료 처리 실패: JDBC exception executing SQL [Unknown column 's1_0.badges' in 'field list'] [select s1_0.id,s1_0.ar_asset_url,s1_0.ar_preview_image_url,s1_0.artist_id,s1_0.badges,s1_0.created_at,s1_0.currency,s1_0.deleted_at,s1_0.depth_cm,s1_0.description,s1_0.edition_number,s1_0.edition_size,s1_0.genre,s1_0.height_cm,s1_0.is_limited_edition,s1_0.list_price,s1_0.material,s1_0.material_description,s1_0.name,s1_0.packaging_description,s1_0.packaging_title,s1_0.primary_image_url,s1_0.published_at,s1_0.sale_price,s1_0.sku_code,s1_0.sku_type,s1_0.slug,s1_0.spine_pictures_json,s1_0.status,s1_0.updated_at,s1_0.weight_kg,s1_0.width_cm from skus s1_0 where s1_0.id=?]; SQL [select s1_0.id,s1_0.ar_asset_url,s1_0.ar_preview_image_url,s1_0.artist_id,s1_0.badges,s1_0.created_at,s1_0.currency,s1_0.deleted_at,s1_0.depth_cm,s1_0.description,s1_0.edition_number,s1_0.edition_size,s1_0.genre,s1_0.height_cm,s1_0.is_limited_edition,s1_0.list_price,s1_0.material,s1_0.material_description,s1_0.name,s1_0.packaging_description,s1_0.packaging_title,s1_0.primary_image_url,s1_0.published_at,s1_0.sale_price,s1_0.sku_code,s1_0.sku_type,s1_0.slug,s1_0.spine_pictures_json,s1_0.status,s1_0.updated_at,s1_0.weight_kg,s1_0.width_cm from skus s1_0 where s1_0.id=?]

org.springframework.dao.InvalidDataAccessResourceUsageException: JDBC exception executing SQL [Unknown column 's1_0.badges' in 'field list'] [select s1_0.id,s1_0.ar_asset_url,s1_0.ar_preview_image_url,s1_0.artist_id,s1_0.badges,s1_0.created_at,s1_0.currency,s1_0.deleted_at,s1_0.depth_cm,s1_0.description,s1_0.edition_number,s1_0.edition_size,s1_0.genre,s1_0.height_cm,s1_0.is_limited_edition,s1_0.list_price,s1_0.material,s1_0.material_description,s1_0.name,s1_0.packaging_description,s1_0.packaging_title,s1_0.primary_image_url,s1_0.published_at,s1_0.sale_price,s1_0.sku_code,s1_0.sku_type,s1_0.slug,s1_0.spine_pictures_json,s1_0.status,s1_0.updated_at,s1_0.weight_kg,s1_0.width_cm from skus s1_0 where s1_0.id=?]; SQL [select s1_0.id,s1_0.ar_asset_url,s1_0.ar_preview_image_url,s1_0.artist_id,s1_0.badges,s1_0.created_at,s1_0.currency,s1_0.deleted_at,s1_0.depth_cm,s1_0.description,s1_0.edition_number,s1_0.edition_size,s1_0.genre,s1_0.height_cm,s1_0.is_limited_edition,s1_0.list_price,s1_0.material,s1_0.material_description,s1_0.name,s1_0.packaging_description,s1_0.packaging_title,s1_0.primary_image_url,s1_0.published_at,s1_0.sale_price,s1_0.sku_code,s1_0.sku_type,s1_0.slug,s1_0.spine_pictures_json,s1_0.status,s1_0.updated_at,s1_0.weight_kg,s1_0.width_cm from skus s1_0 where s1_0.id=?]
	at org.springframework.orm.jpa.hibernate.HibernateExceptionTranslator.convertHibernateAccessException(HibernateExceptionTranslator.java:156) ~[spring-orm-7.0.5.jar:7.0.5]
	at org.springframework.orm.jpa.hibernate.HibernateExceptionTranslator.convertHibernateAccessException(HibernateExceptionTranslator.java:131) ~[spring-orm-7.0.5.jar:7.0.5]
	at org.springframework.orm.jpa.hibernate.HibernateExceptionTranslator.translateExceptionIfPossible(HibernateExceptionTranslator.java:105) ~[spring-orm-7.0.5.jar:7.0.5]
	at org.springframework.orm.jpa.vendor.HibernateJpaDialect.translateExceptionIfPossible(HibernateJpaDialect.java:223) ~[spring-orm-7.0.5.jar:7.0.5]
	at org.springframework.orm.jpa.AbstractEntityManagerFactoryBean.translateExceptionIfPossible(AbstractEntityManagerFactoryBean.java:576) ~[spring-orm-7.0.5.jar:7.0.5]
	at org.springframework.dao.support.ChainedPersistenceExceptionTranslator.translateExceptionIfPossible(ChainedPersistenceExceptionTranslator.java:61) ~[spring-tx-7.0.5.jar:7.0.5]
	at org.springframework.dao.support.DataAccessUtils.translateIfNecessary(DataAccessUtils.java:346) ~[spring-tx-7.0.5.jar:7.0.5]
	at org.springframework.dao.support.PersistenceExceptionTranslationInterceptor.invoke(PersistenceExceptionTranslationInterceptor.java:157) ~[spring-tx-7.0.5.jar:7.0.5]
	at org.springframework.aop.framework.ReflectiveMethodInvocation.proceed(ReflectiveMethodInvocation.java:179) ~[spring-aop-7.0.5.jar:7.0.5]
	at org.springframework.data.jpa.repository.support.CrudMethodMetadataPostProcessor$CrudMethodMetadataPopulatingMethodInterceptor.invoke(CrudMethodMetadataPostProcessor.java:166) ~[spring-data-jpa-4.0.3.jar:4.0.3]
	at org.springframework.aop.framework.ReflectiveMethodInvocation.proceed(ReflectiveMethodInvocation.java:179) ~[spring-aop-7.0.5.jar:7.0.5]
	at org.springframework.aop.framework.JdkDynamicAopProxy.invoke(JdkDynamicAopProxy.java:222) ~[spring-aop-7.0.5.jar:7.0.5]
	at jdk.proxy4/jdk.proxy4.$Proxy207.findById(Unknown Source) ~[na:na]
	at com.koala.koalaback.domain.sku.service.StockService.getSkuOrThrow(StockService.java:118) ~[main/:na]
	at com.koala.koalaback.domain.sku.service.StockService.restore(StockService.java:73) ~[main/:na]
	at java.base/jdk.internal.reflect.DirectMethodHandleAccessor.invoke(DirectMethodHandleAccessor.java:103) ~[na:na]
	at java.base/java.lang.reflect.Method.invoke(Method.java:580) ~[na:na]
	at org.springframework.aop.support.AopUtils.invokeJoinpointUsingReflection(AopUtils.java:359) ~[spring-aop-7.0.5.jar:7.0.5]
	at org.springframework.aop.framework.ReflectiveMethodInvocation.invokeJoinpoint(ReflectiveMethodInvocation.java:190) ~[spring-aop-7.0.5.jar:7.0.5]
	at org.springframework.aop.framework.ReflectiveMethodInvocation.proceed(ReflectiveMethodInvocation.java:158) ~[spring-aop-7.0.5.jar:7.0.5]
	at org.springframework.transaction.interceptor.TransactionInterceptor$1.proceedWithInvocation(TransactionInterceptor.java:133) ~[spring-tx-7.0.5.jar:7.0.5]
	at org.springframework.transaction.interceptor.TransactionAspectSupport.invokeWithinTransaction(TransactionAspectSupport.java:371) ~[spring-tx-7.0.5.jar:7.0.5]
	at org.springframework.transaction.interceptor.TransactionInterceptor.invoke(TransactionInterceptor.java:130) ~[spring-tx-7.0.5.jar:7.0.5]
	at org.springframework.aop.framework.ReflectiveMethodInvocation.proceed(ReflectiveMethodInvocation.java:179) ~[spring-aop-7.0.5.jar:7.0.5]
	at org.springframework.aop.framework.CglibAopProxy$DynamicAdvisedInterceptor.intercept(CglibAopProxy.java:719) ~[spring-aop-7.0.5.jar:7.0.5]
	at com.koala.koalaback.domain.sku.service.StockService$$SpringCGLIB$$0.restore(<generated>) ~[main/:na]
	at com.koala.koalaback.domain.order.service.OrderService.lambda$expirePendingOrder$6(OrderService.java:191) ~[main/:na]
	at java.base/java.lang.Iterable.forEach(Iterable.java:75) ~[na:na]
	at com.koala.koalaback.domain.order.service.OrderService.expirePendingOrder(OrderService.java:189) ~[main/:na]
	at java.base/jdk.internal.reflect.DirectMethodHandleAccessor.invoke(DirectMethodHandleAccessor.java:103) ~[na:na]
	at java.base/java.lang.reflect.Method.invoke(Method.java:580) ~[na:na]
	at org.springframework.aop.support.AopUtils.invokeJoinpointUsingReflection(AopUtils.java:359) ~[spring-aop-7.0.5.jar:7.0.5]
	at org.springframework.aop.framework.ReflectiveMethodInvocation.invokeJoinpoint(ReflectiveMethodInvocation.java:190) ~[spring-aop-7.0.5.jar:7.0.5]
	at org.springframework.aop.framework.ReflectiveMethodInvocation.proceed(ReflectiveMethodInvocation.java:158) ~[spring-aop-7.0.5.jar:7.0.5]
	at org.springframework.transaction.interceptor.TransactionInterceptor$1.proceedWithInvocation(TransactionInterceptor.java:133) ~[spring-tx-7.0.5.jar:7.0.5]
	at org.springframework.transaction.interceptor.TransactionAspectSupport.invokeWithinTransaction(TransactionAspectSupport.java:371) ~[spring-tx-7.0.5.jar:7.0.5]
	at org.springframework.transaction.interceptor.TransactionInterceptor.invoke(TransactionInterceptor.java:130) ~[spring-tx-7.0.5.jar:7.0.5]
	at org.springframework.aop.framework.ReflectiveMethodInvocation.proceed(ReflectiveMethodInvocation.java:179) ~[spring-aop-7.0.5.jar:7.0.5]
	at org.springframework.aop.framework.CglibAopProxy$DynamicAdvisedInterceptor.intercept(CglibAopProxy.java:719) ~[spring-aop-7.0.5.jar:7.0.5]
	at com.koala.koalaback.domain.order.service.OrderService$$SpringCGLIB$$0.expirePendingOrder(<generated>) ~[main/:na]
	at com.koala.koalaback.domain.order.service.OrderExpiryScheduler.releaseExpiredPendingOrders(OrderExpiryScheduler.java:50) ~[main/:na]
	at java.base/jdk.internal.reflect.DirectMethodHandleAccessor.invoke(DirectMethodHandleAccessor.java:103) ~[na:na]
	at java.base/java.lang.reflect.Method.invoke(Method.java:580) ~[na:na]
	at org.springframework.scheduling.support.ScheduledMethodRunnable.runInternal(ScheduledMethodRunnable.java:128) ~[spring-context-7.0.5.jar:7.0.5]
	at org.springframework.scheduling.support.ScheduledMethodRunnable.lambda$run$1(ScheduledMethodRunnable.java:122) ~[spring-context-7.0.5.jar:7.0.5]
	at io.micrometer.observation.Observation.observe(Observation.java:564) ~[micrometer-observation-1.16.3.jar:1.16.3]
	at org.springframework.scheduling.support.ScheduledMethodRunnable.run(ScheduledMethodRunnable.java:122) ~[spring-context-7.0.5.jar:7.0.5]
	at org.springframework.scheduling.config.Task$OutcomeTrackingRunnable.run(Task.java:88) ~[spring-context-7.0.5.jar:7.0.5]
	at org.springframework.scheduling.support.DelegatingErrorHandlingRunnable.run(DelegatingErrorHandlingRunnable.java:54) ~[spring-context-7.0.5.jar:7.0.5]
	at java.base/java.util.concurrent.Executors$RunnableAdapter.call(Executors.java:572) ~[na:na]
	at java.base/java.util.concurrent.FutureTask.runAndReset(FutureTask.java:358) ~[na:na]
	at java.base/java.util.concurrent.ScheduledThreadPoolExecutor$ScheduledFutureTask.run(ScheduledThreadPoolExecutor.java:305) ~[na:na]
	at java.base/java.util.concurrent.ThreadPoolExecutor.runWorker(ThreadPoolExecutor.java:1144) ~[na:na]
	at java.base/java.util.concurrent.ThreadPoolExecutor$Worker.run(ThreadPoolExecutor.java:642) ~[na:na]
	at java.base/java.lang.Thread.run(Thread.java:1583) ~[na:na]
Caused by: org.hibernate.exception.SQLGrammarException: JDBC exception executing SQL [Unknown column 's1_0.badges' in 'field list'] [select s1_0.id,s1_0.ar_asset_url,s1_0.ar_preview_image_url,s1_0.artist_id,s1_0.badges,s1_0.created_at,s1_0.currency,s1_0.deleted_at,s1_0.depth_cm,s1_0.description,s1_0.edition_number,s1_0.edition_size,s1_0.genre,s1_0.height_cm,s1_0.is_limited_edition,s1_0.list_price,s1_0.material,s1_0.material_description,s1_0.name,s1_0.packaging_description,s1_0.packaging_title,s1_0.primary_image_url,s1_0.published_at,s1_0.sale_price,s1_0.sku_code,s1_0.sku_type,s1_0.slug,s1_0.spine_pictures_json,s1_0.status,s1_0.updated_at,s1_0.weight_kg,s1_0.width_cm from skus s1_0 where s1_0.id=?]
	at org.hibernate.exception.internal.SQLExceptionTypeDelegate.convert(SQLExceptionTypeDelegate.java:64) ~[hibernate-core-7.2.4.Final.jar:7.2.4.Final]
	at org.hibernate.exception.internal.StandardSQLExceptionConverter.convert(StandardSQLExceptionConverter.java:34) ~[hibernate-core-7.2.4.Final.jar:7.2.4.Final]
	at org.hibernate.engine.jdbc.spi.SqlExceptionHelper.convert(SqlExceptionHelper.java:115) ~[hibernate-core-7.2.4.Final.jar:7.2.4.Final]
	at org.hibernate.sql.results.jdbc.internal.DeferredResultSetAccess.executeQuery(DeferredResultSetAccess.java:290) ~[hibernate-core-7.2.4.Final.jar:7.2.4.Final]
	at org.hibernate.sql.results.jdbc.internal.DeferredResultSetAccess.getResultSet(DeferredResultSetAccess.java:190) ~[hibernate-core-7.2.4.Final.jar:7.2.4.Final]
	at org.hibernate.sql.results.jdbc.internal.JdbcValuesResultSetImpl.<init>(JdbcValuesResultSetImpl.java:71) ~[hibernate-core-7.2.4.Final.jar:7.2.4.Final]
	at org.hibernate.sql.exec.internal.JdbcSelectExecutorStandardImpl.resolveJdbcValues(JdbcSelectExecutorStandardImpl.java:393) ~[hibernate-core-7.2.4.Final.jar:7.2.4.Final]
	at org.hibernate.sql.exec.internal.JdbcSelectExecutorStandardImpl.resolveJdbcValuesSource(JdbcSelectExecutorStandardImpl.java:354) ~[hibernate-core-7.2.4.Final.jar:7.2.4.Final]
	at org.hibernate.sql.exec.internal.JdbcSelectExecutorStandardImpl.doExecuteQuery(JdbcSelectExecutorStandardImpl.java:135) ~[hibernate-core-7.2.4.Final.jar:7.2.4.Final]
	at org.hibernate.sql.exec.internal.JdbcSelectExecutorStandardImpl.executeQuery(JdbcSelectExecutorStandardImpl.java:100) ~[hibernate-core-7.2.4.Final.jar:7.2.4.Final]
	at org.hibernate.sql.exec.spi.JdbcSelectExecutor.executeQuery(JdbcSelectExecutor.java:63) ~[hibernate-core-7.2.4.Final.jar:7.2.4.Final]
	at org.hibernate.sql.exec.spi.JdbcSelectExecutor.list(JdbcSelectExecutor.java:137) ~[hibernate-core-7.2.4.Final.jar:7.2.4.Final]
	at org.hibernate.loader.ast.internal.SingleIdLoadPlan.load(SingleIdLoadPlan.java:139) ~[hibernate-core-7.2.4.Final.jar:7.2.4.Final]
	at org.hibernate.loader.ast.internal.SingleIdEntityLoaderStandardImpl.load(SingleIdEntityLoaderStandardImpl.java:74) ~[hibernate-core-7.2.4.Final.jar:7.2.4.Final]
	at org.hibernate.loader.ast.internal.AbstractEntityBatchLoader.load(AbstractEntityBatchLoader.java:89) ~[hibernate-core-7.2.4.Final.jar:7.2.4.Final]
	at org.hibernate.loader.ast.internal.AbstractEntityBatchLoader.load(AbstractEntityBatchLoader.java:52) ~[hibernate-core-7.2.4.Final.jar:7.2.4.Final]
	at org.hibernate.loader.ast.internal.EntityBatchLoaderInPredicate.load(EntityBatchLoaderInPredicate.java:105) ~[hibernate-core-7.2.4.Final.jar:7.2.4.Final]
	at org.hibernate.persister.entity.AbstractEntityPersister.doLoad(AbstractEntityPersister.java:3530) ~[hibernate-core-7.2.4.Final.jar:7.2.4.Final]
	at org.hibernate.persister.entity.AbstractEntityPersister.load(AbstractEntityPersister.java:3519) ~[hibernate-core-7.2.4.Final.jar:7.2.4.Final]
	at org.hibernate.event.internal.DefaultLoadEventListener.loadFromDatasource(DefaultLoadEventListener.java:576) ~[hibernate-core-7.2.4.Final.jar:7.2.4.Final]
	at org.hibernate.event.internal.DefaultLoadEventListener.loadFromCacheOrDatasource(DefaultLoadEventListener.java:550) ~[hibernate-core-7.2.4.Final.jar:7.2.4.Final]
	at org.hibernate.event.internal.DefaultLoadEventListener.load(DefaultLoadEventListener.java:534) ~[hibernate-core-7.2.4.Final.jar:7.2.4.Final]
	at org.hibernate.event.internal.DefaultLoadEventListener.doLoad(DefaultLoadEventListener.java:520) ~[hibernate-core-7.2.4.Final.jar:7.2.4.Final]
	at org.hibernate.event.internal.DefaultLoadEventListener.load(DefaultLoadEventListener.java:186) ~[hibernate-core-7.2.4.Final.jar:7.2.4.Final]
	at org.hibernate.event.internal.DefaultLoadEventListener.proxyImplementation(DefaultLoadEventListener.java:372) ~[hibernate-core-7.2.4.Final.jar:7.2.4.Final]
	at org.hibernate.event.internal.DefaultLoadEventListener.narrowedProxy(DefaultLoadEventListener.java:365) ~[hibernate-core-7.2.4.Final.jar:7.2.4.Final]
	at org.hibernate.event.internal.DefaultLoadEventListener.loadWithRegularProxy(DefaultLoadEventListener.java:259) ~[hibernate-core-7.2.4.Final.jar:7.2.4.Final]
	at org.hibernate.event.internal.DefaultLoadEventListener.proxyOrLoad(DefaultLoadEventListener.java:219) ~[hibernate-core-7.2.4.Final.jar:7.2.4.Final]
	at org.hibernate.event.internal.DefaultLoadEventListener.doOnLoad(DefaultLoadEventListener.java:96) ~[hibernate-core-7.2.4.Final.jar:7.2.4.Final]
	at org.hibernate.event.internal.DefaultLoadEventListener.onLoad(DefaultLoadEventListener.java:55) ~[hibernate-core-7.2.4.Final.jar:7.2.4.Final]
	at org.hibernate.event.service.internal.EventListenerGroupImpl.fireEventOnEachListener(EventListenerGroupImpl.java:149) ~[hibernate-core-7.2.4.Final.jar:7.2.4.Final]
	at org.hibernate.internal.SessionImpl.fireLoadNoChecks(SessionImpl.java:1291) ~[hibernate-core-7.2.4.Final.jar:7.2.4.Final]
	at org.hibernate.internal.SessionImpl.fireLoad(SessionImpl.java:1278) ~[hibernate-core-7.2.4.Final.jar:7.2.4.Final]
	at org.hibernate.internal.SessionImpl.load(SessionImpl.java:1261) ~[hibernate-core-7.2.4.Final.jar:7.2.4.Final]
	at org.hibernate.loader.internal.IdentifierLoadAccessImpl.doLoad(IdentifierLoadAccessImpl.java:178) ~[hibernate-core-7.2.4.Final.jar:7.2.4.Final]
	at org.hibernate.loader.internal.IdentifierLoadAccessImpl.lambda$load$0(IdentifierLoadAccessImpl.java:164) ~[hibernate-core-7.2.4.Final.jar:7.2.4.Final]
	at org.hibernate.loader.internal.IdentifierLoadAccessImpl.perform(IdentifierLoadAccessImpl.java:127) ~[hibernate-core-7.2.4.Final.jar:7.2.4.Final]
	at org.hibernate.loader.internal.IdentifierLoadAccessImpl.load(IdentifierLoadAccessImpl.java:164) ~[hibernate-core-7.2.4.Final.jar:7.2.4.Final]
	at org.hibernate.internal.SessionImpl.find(SessionImpl.java:2194) ~[hibernate-core-7.2.4.Final.jar:7.2.4.Final]
	at org.hibernate.internal.SessionImpl.find(SessionImpl.java:2168) ~[hibernate-core-7.2.4.Final.jar:7.2.4.Final]
	at java.base/jdk.internal.reflect.DirectMethodHandleAccessor.invoke(DirectMethodHandleAccessor.java:103) ~[na:na]
	at java.base/java.lang.reflect.Method.invoke(Method.java:580) ~[na:na]
	at org.springframework.orm.jpa.SharedEntityManagerCreator$SharedEntityHandlerInvocationHandler.invokeMethod(SharedEntityManagerCreator.java:240) ~[spring-orm-7.0.5.jar:7.0.5]
	at org.springframework.orm.jpa.SharedEntityManagerCreator$SharedEntityManagerInvocationHandler.invoke(SharedEntityManagerCreator.java:386) ~[spring-orm-7.0.5.jar:7.0.5]
	at jdk.proxy4/jdk.proxy4.$Proxy185.find(Unknown Source) ~[na:na]
	at org.springframework.data.jpa.repository.support.SimpleJpaRepository.findById(SimpleJpaRepository.java:342) ~[spring-data-jpa-4.0.3.jar:4.0.3]
	at java.base/jdk.internal.reflect.DirectMethodHandleAccessor.invoke(DirectMethodHandleAccessor.java:103) ~[na:na]
	at java.base/java.lang.reflect.Method.invoke(Method.java:580) ~[na:na]
	at org.springframework.aop.support.AopUtils.invokeJoinpointUsingReflection(AopUtils.java:359) ~[spring-aop-7.0.5.jar:7.0.5]
	at org.springframework.data.repository.core.support.RepositoryMethodInvoker$RepositoryFragmentMethodInvoker.lambda$new$0(RepositoryMethodInvoker.java:278) ~[spring-data-commons-4.0.3.jar:4.0.3]
	at org.springframework.data.repository.core.support.RepositoryMethodInvoker.doInvoke(RepositoryMethodInvoker.java:169) ~[spring-data-commons-4.0.3.jar:4.0.3]
	at org.springframework.data.repository.core.support.RepositoryMethodInvoker.invoke(RepositoryMethodInvoker.java:158) ~[spring-data-commons-4.0.3.jar:4.0.3]
	at org.springframework.data.repository.core.support.RepositoryComposition$RepositoryFragments.invoke(RepositoryComposition.java:545) ~[spring-data-commons-4.0.3.jar:4.0.3]
	at org.springframework.data.repository.core.support.RepositoryComposition.invoke(RepositoryComposition.java:290) ~[spring-data-commons-4.0.3.jar:4.0.3]
	at org.springframework.data.repository.core.support.RepositoryFactorySupport$ImplementationMethodExecutionInterceptor.invoke(RepositoryFactorySupport.java:690) ~[spring-data-commons-4.0.3.jar:4.0.3]
	at org.springframework.aop.framework.ReflectiveMethodInvocation.proceed(ReflectiveMethodInvocation.java:179) ~[spring-aop-7.0.5.jar:7.0.5]
	at org.springframework.data.repository.core.support.QueryExecutorMethodInterceptor.doInvoke(QueryExecutorMethodInterceptor.java:171) ~[spring-data-commons-4.0.3.jar:4.0.3]
	at org.springframework.data.repository.core.support.QueryExecutorMethodInterceptor.invoke(QueryExecutorMethodInterceptor.java:146) ~[spring-data-commons-4.0.3.jar:4.0.3]
	at org.springframework.aop.framework.ReflectiveMethodInvocation.proceed(ReflectiveMethodInvocation.java:179) ~[spring-aop-7.0.5.jar:7.0.5]
	at org.springframework.data.projection.DefaultMethodInvokingMethodInterceptor.invoke(DefaultMethodInvokingMethodInterceptor.java:69) ~[spring-data-commons-4.0.3.jar:4.0.3]
	at org.springframework.aop.framework.ReflectiveMethodInvocation.proceed(ReflectiveMethodInvocation.java:179) ~[spring-aop-7.0.5.jar:7.0.5]
	at org.springframework.transaction.interceptor.TransactionInterceptor$1.proceedWithInvocation(TransactionInterceptor.java:133) ~[spring-tx-7.0.5.jar:7.0.5]
	at org.springframework.transaction.interceptor.TransactionAspectSupport.invokeWithinTransaction(TransactionAspectSupport.java:371) ~[spring-tx-7.0.5.jar:7.0.5]
	at org.springframework.transaction.interceptor.TransactionInterceptor.invoke(TransactionInterceptor.java:130) ~[spring-tx-7.0.5.jar:7.0.5]
	at org.springframework.aop.framework.ReflectiveMethodInvocation.proceed(ReflectiveMethodInvocation.java:179) ~[spring-aop-7.0.5.jar:7.0.5]
	at org.springframework.dao.support.PersistenceExceptionTranslationInterceptor.invoke(PersistenceExceptionTranslationInterceptor.java:135) ~[spring-tx-7.0.5.jar:7.0.5]
	... 47 common frames omitted
Caused by: java.sql.SQLSyntaxErrorException: Unknown column 's1_0.badges' in 'field list'
	at com.mysql.cj.jdbc.exceptions.SQLError.createSQLException(SQLError.java:112) ~[mysql-connector-j-9.6.0.jar:9.6.0]
	at com.mysql.cj.jdbc.exceptions.SQLExceptionsMapping.translateException(SQLExceptionsMapping.java:114) ~[mysql-connector-j-9.6.0.jar:9.6.0]
	at com.mysql.cj.jdbc.ClientPreparedStatement.executeInternal(ClientPreparedStatement.java:988) ~[mysql-connector-j-9.6.0.jar:9.6.0]
	at com.mysql.cj.jdbc.ClientPreparedStatement.executeQuery(ClientPreparedStatement.java:1056) ~[mysql-connector-j-9.6.0.jar:9.6.0]
	at com.zaxxer.hikari.pool.ProxyPreparedStatement.executeQuery(ProxyPreparedStatement.java:52) ~[HikariCP-7.0.2.jar:na]
	at com.zaxxer.hikari.pool.HikariProxyPreparedStatement.executeQuery(HikariProxyPreparedStatement.java) ~[HikariCP-7.0.2.jar:na]
	at org.hibernate.sql.results.jdbc.internal.DeferredResultSetAccess.executeQuery(DeferredResultSetAccess.java:271) ~[hibernate-core-7.2.4.Final.jar:7.2.4.Final]
	... 109 common frames omitted

2026-06-03T14:48:12.406+09:00 DEBUG 19664 --- [koalaback] [   scheduling-1] org.hibernate.SQL                        : 
    select
        o1_0.id,
        o1_0.cancelled_at,
        o1_0.created_at,
        o1_0.currency,
        o1_0.discount_amount,
        o1_0.order_no,
        o1_0.order_status,
        o1_0.orderer_email,
        o1_0.orderer_name,
        o1_0.orderer_phone,
        o1_0.paid_at,
        o1_0.payment_status,
        o1_0.product_amount,
        s1_0.id,
        s1_0.address1,
        s1_0.address2,
        s1_0.carrier_code,
        s1_0.created_at,
        s1_0.delivered_at,
        s1_0.delivery_request,
        s1_0.order_id,
        s1_0.recipient_name,
        s1_0.recipient_phone,
        s1_0.shipped_at,
        s1_0.tracking_no,
        s1_0.updated_at,
        s1_0.zip_code,
        o1_0.shipping_amount,
        o1_0.tax_amount,
        o1_0.total_amount,
        o1_0.updated_at,
        o1_0.user_id 
    from
        orders o1_0 
    left join
        order_shipments s1_0 
            on o1_0.id=s1_0.order_id 
    where
        o1_0.id=?
2026-06-03T14:48:12.413+09:00 DEBUG 19664 --- [koalaback] [   scheduling-1] org.hibernate.SQL                        : 
    select
        oi1_0.order_id,
        oi1_0.id,
        oi1_0.artist_id,
        oi1_0.artist_code_snapshot,
        oi1_0.artist_name_snapshot,
        oi1_0.created_at,
        oi1_0.discount_amount,
        oi1_0.line_total_amount,
        oi1_0.quantity,
        oi1_0.review_written,
        oi1_0.sku_id,
        oi1_0.sku_code_snapshot,
        oi1_0.sku_name_snapshot,
        oi1_0.sku_snapshot_json,
        oi1_0.tax_amount,
        oi1_0.unit_price 
    from
        order_items oi1_0 
    where
        oi1_0.order_id=?
2026-06-03T14:48:12.418+09:00 DEBUG 19664 --- [koalaback] [   scheduling-1] org.hibernate.SQL                        : 
    select
        s1_0.id,
        s1_0.ar_asset_url,
        s1_0.ar_preview_image_url,
        s1_0.artist_id,
        s1_0.badges,
        s1_0.created_at,
        s1_0.currency,
        s1_0.deleted_at,
        s1_0.depth_cm,
        s1_0.description,
        s1_0.edition_number,
        s1_0.edition_size,
        s1_0.genre,
        s1_0.height_cm,
        s1_0.is_limited_edition,
        s1_0.list_price,
        s1_0.material,
        s1_0.material_description,
        s1_0.name,
        s1_0.packaging_description,
        s1_0.packaging_title,
        s1_0.primary_image_url,
        s1_0.published_at,
        s1_0.sale_price,
        s1_0.sku_code,
        s1_0.sku_type,
        s1_0.slug,
        s1_0.spine_pictures_json,
        s1_0.status,
        s1_0.updated_at,
        s1_0.weight_kg,
        s1_0.width_cm 
    from
        skus s1_0 
    where
        s1_0.id=?
2026-06-03T14:48:12.421+09:00  WARN 19664 --- [koalaback] [   scheduling-1] org.hibernate.orm.jdbc.error             : HHH000247: ErrorCode: 1054, SQLState: 42S22
2026-06-03T14:48:12.421+09:00  WARN 19664 --- [koalaback] [   scheduling-1] org.hibernate.orm.jdbc.error             : Unknown column 's1_0.badges' in 'field list'
2026-06-03T14:48:12.424+09:00 ERROR 19664 --- [koalaback] [   scheduling-1] c.k.k.d.o.service.OrderExpiryScheduler   : [OrderExpiry] 주문 KL-20260419172216-8134 만료 처리 실패: JDBC exception executing SQL [Unknown column 's1_0.badges' in 'field list'] [select s1_0.id,s1_0.ar_asset_url,s1_0.ar_preview_image_url,s1_0.artist_id,s1_0.badges,s1_0.created_at,s1_0.currency,s1_0.deleted_at,s1_0.depth_cm,s1_0.description,s1_0.edition_number,s1_0.edition_size,s1_0.genre,s1_0.height_cm,s1_0.is_limited_edition,s1_0.list_price,s1_0.material,s1_0.material_description,s1_0.name,s1_0.packaging_description,s1_0.packaging_title,s1_0.primary_image_url,s1_0.published_at,s1_0.sale_price,s1_0.sku_code,s1_0.sku_type,s1_0.slug,s1_0.spine_pictures_json,s1_0.status,s1_0.updated_at,s1_0.weight_kg,s1_0.width_cm from skus s1_0 where s1_0.id=?]; SQL [select s1_0.id,s1_0.ar_asset_url,s1_0.ar_preview_image_url,s1_0.artist_id,s1_0.badges,s1_0.created_at,s1_0.currency,s1_0.deleted_at,s1_0.depth_cm,s1_0.description,s1_0.edition_number,s1_0.edition_size,s1_0.genre,s1_0.height_cm,s1_0.is_limited_edition,s1_0.list_price,s1_0.material,s1_0.material_description,s1_0.name,s1_0.packaging_description,s1_0.packaging_title,s1_0.primary_image_url,s1_0.published_at,s1_0.sale_price,s1_0.sku_code,s1_0.sku_type,s1_0.slug,s1_0.spine_pictures_json,s1_0.status,s1_0.updated_at,s1_0.weight_kg,s1_0.width_cm from skus s1_0 where s1_0.id=?]

org.springframework.dao.InvalidDataAccessResourceUsageException: JDBC exception executing SQL [Unknown column 's1_0.badges' in 'field list'] [select s1_0.id,s1_0.ar_asset_url,s1_0.ar_preview_image_url,s1_0.artist_id,s1_0.badges,s1_0.created_at,s1_0.currency,s1_0.deleted_at,s1_0.depth_cm,s1_0.description,s1_0.edition_number,s1_0.edition_size,s1_0.genre,s1_0.height_cm,s1_0.is_limited_edition,s1_0.list_price,s1_0.material,s1_0.material_description,s1_0.name,s1_0.packaging_description,s1_0.packaging_title,s1_0.primary_image_url,s1_0.published_at,s1_0.sale_price,s1_0.sku_code,s1_0.sku_type,s1_0.slug,s1_0.spine_pictures_json,s1_0.status,s1_0.updated_at,s1_0.weight_kg,s1_0.width_cm from skus s1_0 where s1_0.id=?]; SQL [select s1_0.id,s1_0.ar_asset_url,s1_0.ar_preview_image_url,s1_0.artist_id,s1_0.badges,s1_0.created_at,s1_0.currency,s1_0.deleted_at,s1_0.depth_cm,s1_0.description,s1_0.edition_number,s1_0.edition_size,s1_0.genre,s1_0.height_cm,s1_0.is_limited_edition,s1_0.list_price,s1_0.material,s1_0.material_description,s1_0.name,s1_0.packaging_description,s1_0.packaging_title,s1_0.primary_image_url,s1_0.published_at,s1_0.sale_price,s1_0.sku_code,s1_0.sku_type,s1_0.slug,s1_0.spine_pictures_json,s1_0.status,s1_0.updated_at,s1_0.weight_kg,s1_0.width_cm from skus s1_0 where s1_0.id=?]
	at org.springframework.orm.jpa.hibernate.HibernateExceptionTranslator.convertHibernateAccessException(HibernateExceptionTranslator.java:156) ~[spring-orm-7.0.5.jar:7.0.5]
	at org.springframework.orm.jpa.hibernate.HibernateExceptionTranslator.convertHibernateAccessException(HibernateExceptionTranslator.java:131) ~[spring-orm-7.0.5.jar:7.0.5]
	at org.springframework.orm.jpa.hibernate.HibernateExceptionTranslator.translateExceptionIfPossible(HibernateExceptionTranslator.java:105) ~[spring-orm-7.0.5.jar:7.0.5]
	at org.springframework.orm.jpa.vendor.HibernateJpaDialect.translateExceptionIfPossible(HibernateJpaDialect.java:223) ~[spring-orm-7.0.5.jar:7.0.5]
	at org.springframework.orm.jpa.AbstractEntityManagerFactoryBean.translateExceptionIfPossible(AbstractEntityManagerFactoryBean.java:576) ~[spring-orm-7.0.5.jar:7.0.5]
	at org.springframework.dao.support.ChainedPersistenceExceptionTranslator.translateExceptionIfPossible(ChainedPersistenceExceptionTranslator.java:61) ~[spring-tx-7.0.5.jar:7.0.5]
	at org.springframework.dao.support.DataAccessUtils.translateIfNecessary(DataAccessUtils.java:346) ~[spring-tx-7.0.5.jar:7.0.5]
	at org.springframework.dao.support.PersistenceExceptionTranslationInterceptor.invoke(PersistenceExceptionTranslationInterceptor.java:157) ~[spring-tx-7.0.5.jar:7.0.5]
	at org.springframework.aop.framework.ReflectiveMethodInvocation.proceed(ReflectiveMethodInvocation.java:179) ~[spring-aop-7.0.5.jar:7.0.5]
	at org.springframework.data.jpa.repository.support.CrudMethodMetadataPostProcessor$CrudMethodMetadataPopulatingMethodInterceptor.invoke(CrudMethodMetadataPostProcessor.java:166) ~[spring-data-jpa-4.0.3.jar:4.0.3]
	at org.springframework.aop.framework.ReflectiveMethodInvocation.proceed(ReflectiveMethodInvocation.java:179) ~[spring-aop-7.0.5.jar:7.0.5]
	at org.springframework.aop.framework.JdkDynamicAopProxy.invoke(JdkDynamicAopProxy.java:222) ~[spring-aop-7.0.5.jar:7.0.5]
	at jdk.proxy4/jdk.proxy4.$Proxy207.findById(Unknown Source) ~[na:na]
	at com.koala.koalaback.domain.sku.service.StockService.getSkuOrThrow(StockService.java:118) ~[main/:na]
	at com.koala.koalaback.domain.sku.service.StockService.restore(StockService.java:73) ~[main/:na]
	at java.base/jdk.internal.reflect.DirectMethodHandleAccessor.invoke(DirectMethodHandleAccessor.java:103) ~[na:na]
	at java.base/java.lang.reflect.Method.invoke(Method.java:580) ~[na:na]
	at org.springframework.aop.support.AopUtils.invokeJoinpointUsingReflection(AopUtils.java:359) ~[spring-aop-7.0.5.jar:7.0.5]
	at org.springframework.aop.framework.ReflectiveMethodInvocation.invokeJoinpoint(ReflectiveMethodInvocation.java:190) ~[spring-aop-7.0.5.jar:7.0.5]
	at org.springframework.aop.framework.ReflectiveMethodInvocation.proceed(ReflectiveMethodInvocation.java:158) ~[spring-aop-7.0.5.jar:7.0.5]
	at org.springframework.transaction.interceptor.TransactionInterceptor$1.proceedWithInvocation(TransactionInterceptor.java:133) ~[spring-tx-7.0.5.jar:7.0.5]
	at org.springframework.transaction.interceptor.TransactionAspectSupport.invokeWithinTransaction(TransactionAspectSupport.java:371) ~[spring-tx-7.0.5.jar:7.0.5]
	at org.springframework.transaction.interceptor.TransactionInterceptor.invoke(TransactionInterceptor.java:130) ~[spring-tx-7.0.5.jar:7.0.5]
	at org.springframework.aop.framework.ReflectiveMethodInvocation.proceed(ReflectiveMethodInvocation.java:179) ~[spring-aop-7.0.5.jar:7.0.5]
	at org.springframework.aop.framework.CglibAopProxy$DynamicAdvisedInterceptor.intercept(CglibAopProxy.java:719) ~[spring-aop-7.0.5.jar:7.0.5]
	at com.koala.koalaback.domain.sku.service.StockService$$SpringCGLIB$$0.restore(<generated>) ~[main/:na]
	at com.koala.koalaback.domain.order.service.OrderService.lambda$expirePendingOrder$6(OrderService.java:191) ~[main/:na]
	at java.base/java.lang.Iterable.forEach(Iterable.java:75) ~[na:na]
	at com.koala.koalaback.domain.order.service.OrderService.expirePendingOrder(OrderService.java:189) ~[main/:na]
	at java.base/jdk.internal.reflect.DirectMethodHandleAccessor.invoke(DirectMethodHandleAccessor.java:103) ~[na:na]
	at java.base/java.lang.reflect.Method.invoke(Method.java:580) ~[na:na]
	at org.springframework.aop.support.AopUtils.invokeJoinpointUsingReflection(AopUtils.java:359) ~[spring-aop-7.0.5.jar:7.0.5]
	at org.springframework.aop.framework.ReflectiveMethodInvocation.invokeJoinpoint(ReflectiveMethodInvocation.java:190) ~[spring-aop-7.0.5.jar:7.0.5]
	at org.springframework.aop.framework.ReflectiveMethodInvocation.proceed(ReflectiveMethodInvocation.java:158) ~[spring-aop-7.0.5.jar:7.0.5]
	at org.springframework.transaction.interceptor.TransactionInterceptor$1.proceedWithInvocation(TransactionInterceptor.java:133) ~[spring-tx-7.0.5.jar:7.0.5]
	at org.springframework.transaction.interceptor.TransactionAspectSupport.invokeWithinTransaction(TransactionAspectSupport.java:371) ~[spring-tx-7.0.5.jar:7.0.5]
	at org.springframework.transaction.interceptor.TransactionInterceptor.invoke(TransactionInterceptor.java:130) ~[spring-tx-7.0.5.jar:7.0.5]
	at org.springframework.aop.framework.ReflectiveMethodInvocation.proceed(ReflectiveMethodInvocation.java:179) ~[spring-aop-7.0.5.jar:7.0.5]
	at org.springframework.aop.framework.CglibAopProxy$DynamicAdvisedInterceptor.intercept(CglibAopProxy.java:719) ~[spring-aop-7.0.5.jar:7.0.5]
	at com.koala.koalaback.domain.order.service.OrderService$$SpringCGLIB$$0.expirePendingOrder(<generated>) ~[main/:na]
	at com.koala.koalaback.domain.order.service.OrderExpiryScheduler.releaseExpiredPendingOrders(OrderExpiryScheduler.java:50) ~[main/:na]
	at java.base/jdk.internal.reflect.DirectMethodHandleAccessor.invoke(DirectMethodHandleAccessor.java:103) ~[na:na]
	at java.base/java.lang.reflect.Method.invoke(Method.java:580) ~[na:na]
	at org.springframework.scheduling.support.ScheduledMethodRunnable.runInternal(ScheduledMethodRunnable.java:128) ~[spring-context-7.0.5.jar:7.0.5]
	at org.springframework.scheduling.support.ScheduledMethodRunnable.lambda$run$1(ScheduledMethodRunnable.java:122) ~[spring-context-7.0.5.jar:7.0.5]
	at io.micrometer.observation.Observation.observe(Observation.java:564) ~[micrometer-observation-1.16.3.jar:1.16.3]
	at org.springframework.scheduling.support.ScheduledMethodRunnable.run(ScheduledMethodRunnable.java:122) ~[spring-context-7.0.5.jar:7.0.5]
	at org.springframework.scheduling.config.Task$OutcomeTrackingRunnable.run(Task.java:88) ~[spring-context-7.0.5.jar:7.0.5]
	at org.springframework.scheduling.support.DelegatingErrorHandlingRunnable.run(DelegatingErrorHandlingRunnable.java:54) ~[spring-context-7.0.5.jar:7.0.5]
	at java.base/java.util.concurrent.Executors$RunnableAdapter.call(Executors.java:572) ~[na:na]
	at java.base/java.util.concurrent.FutureTask.runAndReset(FutureTask.java:358) ~[na:na]
	at java.base/java.util.concurrent.ScheduledThreadPoolExecutor$ScheduledFutureTask.run(ScheduledThreadPoolExecutor.java:305) ~[na:na]
	at java.base/java.util.concurrent.ThreadPoolExecutor.runWorker(ThreadPoolExecutor.java:1144) ~[na:na]
	at java.base/java.util.concurrent.ThreadPoolExecutor$Worker.run(ThreadPoolExecutor.java:642) ~[na:na]
	at java.base/java.lang.Thread.run(Thread.java:1583) ~[na:na]
Caused by: org.hibernate.exception.SQLGrammarException: JDBC exception executing SQL [Unknown column 's1_0.badges' in 'field list'] [select s1_0.id,s1_0.ar_asset_url,s1_0.ar_preview_image_url,s1_0.artist_id,s1_0.badges,s1_0.created_at,s1_0.currency,s1_0.deleted_at,s1_0.depth_cm,s1_0.description,s1_0.edition_number,s1_0.edition_size,s1_0.genre,s1_0.height_cm,s1_0.is_limited_edition,s1_0.list_price,s1_0.material,s1_0.material_description,s1_0.name,s1_0.packaging_description,s1_0.packaging_title,s1_0.primary_image_url,s1_0.published_at,s1_0.sale_price,s1_0.sku_code,s1_0.sku_type,s1_0.slug,s1_0.spine_pictures_json,s1_0.status,s1_0.updated_at,s1_0.weight_kg,s1_0.width_cm from skus s1_0 where s1_0.id=?]
	at org.hibernate.exception.internal.SQLExceptionTypeDelegate.convert(SQLExceptionTypeDelegate.java:64) ~[hibernate-core-7.2.4.Final.jar:7.2.4.Final]
	at org.hibernate.exception.internal.StandardSQLExceptionConverter.convert(StandardSQLExceptionConverter.java:34) ~[hibernate-core-7.2.4.Final.jar:7.2.4.Final]
	at org.hibernate.engine.jdbc.spi.SqlExceptionHelper.convert(SqlExceptionHelper.java:115) ~[hibernate-core-7.2.4.Final.jar:7.2.4.Final]
	at org.hibernate.sql.results.jdbc.internal.DeferredResultSetAccess.executeQuery(DeferredResultSetAccess.java:290) ~[hibernate-core-7.2.4.Final.jar:7.2.4.Final]
	at org.hibernate.sql.results.jdbc.internal.DeferredResultSetAccess.getResultSet(DeferredResultSetAccess.java:190) ~[hibernate-core-7.2.4.Final.jar:7.2.4.Final]
	at org.hibernate.sql.results.jdbc.internal.JdbcValuesResultSetImpl.<init>(JdbcValuesResultSetImpl.java:71) ~[hibernate-core-7.2.4.Final.jar:7.2.4.Final]
	at org.hibernate.sql.exec.internal.JdbcSelectExecutorStandardImpl.resolveJdbcValues(JdbcSelectExecutorStandardImpl.java:393) ~[hibernate-core-7.2.4.Final.jar:7.2.4.Final]
	at org.hibernate.sql.exec.internal.JdbcSelectExecutorStandardImpl.resolveJdbcValuesSource(JdbcSelectExecutorStandardImpl.java:354) ~[hibernate-core-7.2.4.Final.jar:7.2.4.Final]
	at org.hibernate.sql.exec.internal.JdbcSelectExecutorStandardImpl.doExecuteQuery(JdbcSelectExecutorStandardImpl.java:135) ~[hibernate-core-7.2.4.Final.jar:7.2.4.Final]
	at org.hibernate.sql.exec.internal.JdbcSelectExecutorStandardImpl.executeQuery(JdbcSelectExecutorStandardImpl.java:100) ~[hibernate-core-7.2.4.Final.jar:7.2.4.Final]
	at org.hibernate.sql.exec.spi.JdbcSelectExecutor.executeQuery(JdbcSelectExecutor.java:63) ~[hibernate-core-7.2.4.Final.jar:7.2.4.Final]
	at org.hibernate.sql.exec.spi.JdbcSelectExecutor.list(JdbcSelectExecutor.java:137) ~[hibernate-core-7.2.4.Final.jar:7.2.4.Final]
	at org.hibernate.loader.ast.internal.SingleIdLoadPlan.load(SingleIdLoadPlan.java:139) ~[hibernate-core-7.2.4.Final.jar:7.2.4.Final]
	at org.hibernate.loader.ast.internal.SingleIdEntityLoaderStandardImpl.load(SingleIdEntityLoaderStandardImpl.java:74) ~[hibernate-core-7.2.4.Final.jar:7.2.4.Final]
	at org.hibernate.loader.ast.internal.AbstractEntityBatchLoader.load(AbstractEntityBatchLoader.java:89) ~[hibernate-core-7.2.4.Final.jar:7.2.4.Final]
	at org.hibernate.loader.ast.internal.AbstractEntityBatchLoader.load(AbstractEntityBatchLoader.java:52) ~[hibernate-core-7.2.4.Final.jar:7.2.4.Final]
	at org.hibernate.loader.ast.internal.EntityBatchLoaderInPredicate.load(EntityBatchLoaderInPredicate.java:105) ~[hibernate-core-7.2.4.Final.jar:7.2.4.Final]
	at org.hibernate.persister.entity.AbstractEntityPersister.doLoad(AbstractEntityPersister.java:3530) ~[hibernate-core-7.2.4.Final.jar:7.2.4.Final]
	at org.hibernate.persister.entity.AbstractEntityPersister.load(AbstractEntityPersister.java:3519) ~[hibernate-core-7.2.4.Final.jar:7.2.4.Final]
	at org.hibernate.event.internal.DefaultLoadEventListener.loadFromDatasource(DefaultLoadEventListener.java:576) ~[hibernate-core-7.2.4.Final.jar:7.2.4.Final]
	at org.hibernate.event.internal.DefaultLoadEventListener.loadFromCacheOrDatasource(DefaultLoadEventListener.java:550) ~[hibernate-core-7.2.4.Final.jar:7.2.4.Final]
	at org.hibernate.event.internal.DefaultLoadEventListener.load(DefaultLoadEventListener.java:534) ~[hibernate-core-7.2.4.Final.jar:7.2.4.Final]
	at org.hibernate.event.internal.DefaultLoadEventListener.doLoad(DefaultLoadEventListener.java:520) ~[hibernate-core-7.2.4.Final.jar:7.2.4.Final]
	at org.hibernate.event.internal.DefaultLoadEventListener.load(DefaultLoadEventListener.java:186) ~[hibernate-core-7.2.4.Final.jar:7.2.4.Final]
	at org.hibernate.event.internal.DefaultLoadEventListener.proxyImplementation(DefaultLoadEventListener.java:372) ~[hibernate-core-7.2.4.Final.jar:7.2.4.Final]
	at org.hibernate.event.internal.DefaultLoadEventListener.narrowedProxy(DefaultLoadEventListener.java:365) ~[hibernate-core-7.2.4.Final.jar:7.2.4.Final]
	at org.hibernate.event.internal.DefaultLoadEventListener.loadWithRegularProxy(DefaultLoadEventListener.java:259) ~[hibernate-core-7.2.4.Final.jar:7.2.4.Final]
	at org.hibernate.event.internal.DefaultLoadEventListener.proxyOrLoad(DefaultLoadEventListener.java:219) ~[hibernate-core-7.2.4.Final.jar:7.2.4.Final]
	at org.hibernate.event.internal.DefaultLoadEventListener.doOnLoad(DefaultLoadEventListener.java:96) ~[hibernate-core-7.2.4.Final.jar:7.2.4.Final]
	at org.hibernate.event.internal.DefaultLoadEventListener.onLoad(DefaultLoadEventListener.java:55) ~[hibernate-core-7.2.4.Final.jar:7.2.4.Final]
	at org.hibernate.event.service.internal.EventListenerGroupImpl.fireEventOnEachListener(EventListenerGroupImpl.java:149) ~[hibernate-core-7.2.4.Final.jar:7.2.4.Final]
	at org.hibernate.internal.SessionImpl.fireLoadNoChecks(SessionImpl.java:1291) ~[hibernate-core-7.2.4.Final.jar:7.2.4.Final]
	at org.hibernate.internal.SessionImpl.fireLoad(SessionImpl.java:1278) ~[hibernate-core-7.2.4.Final.jar:7.2.4.Final]
	at org.hibernate.internal.SessionImpl.load(SessionImpl.java:1261) ~[hibernate-core-7.2.4.Final.jar:7.2.4.Final]
	at org.hibernate.loader.internal.IdentifierLoadAccessImpl.doLoad(IdentifierLoadAccessImpl.java:178) ~[hibernate-core-7.2.4.Final.jar:7.2.4.Final]
	at org.hibernate.loader.internal.IdentifierLoadAccessImpl.lambda$load$0(IdentifierLoadAccessImpl.java:164) ~[hibernate-core-7.2.4.Final.jar:7.2.4.Final]
	at org.hibernate.loader.internal.IdentifierLoadAccessImpl.perform(IdentifierLoadAccessImpl.java:127) ~[hibernate-core-7.2.4.Final.jar:7.2.4.Final]
	at org.hibernate.loader.internal.IdentifierLoadAccessImpl.load(IdentifierLoadAccessImpl.java:164) ~[hibernate-core-7.2.4.Final.jar:7.2.4.Final]
	at org.hibernate.internal.SessionImpl.find(SessionImpl.java:2194) ~[hibernate-core-7.2.4.Final.jar:7.2.4.Final]
	at org.hibernate.internal.SessionImpl.find(SessionImpl.java:2168) ~[hibernate-core-7.2.4.Final.jar:7.2.4.Final]
	at java.base/jdk.internal.reflect.DirectMethodHandleAccessor.invoke(DirectMethodHandleAccessor.java:103) ~[na:na]
	at java.base/java.lang.reflect.Method.invoke(Method.java:580) ~[na:na]
	at org.springframework.orm.jpa.SharedEntityManagerCreator$SharedEntityHandlerInvocationHandler.invokeMethod(SharedEntityManagerCreator.java:240) ~[spring-orm-7.0.5.jar:7.0.5]
	at org.springframework.orm.jpa.SharedEntityManagerCreator$SharedEntityManagerInvocationHandler.invoke(SharedEntityManagerCreator.java:386) ~[spring-orm-7.0.5.jar:7.0.5]
	at jdk.proxy4/jdk.proxy4.$Proxy185.find(Unknown Source) ~[na:na]
	at org.springframework.data.jpa.repository.support.SimpleJpaRepository.findById(SimpleJpaRepository.java:342) ~[spring-data-jpa-4.0.3.jar:4.0.3]
	at java.base/jdk.internal.reflect.DirectMethodHandleAccessor.invoke(DirectMethodHandleAccessor.java:103) ~[na:na]
	at java.base/java.lang.reflect.Method.invoke(Method.java:580) ~[na:na]
	at org.springframework.aop.support.AopUtils.invokeJoinpointUsingReflection(AopUtils.java:359) ~[spring-aop-7.0.5.jar:7.0.5]
	at org.springframework.data.repository.core.support.RepositoryMethodInvoker$RepositoryFragmentMethodInvoker.lambda$new$0(RepositoryMethodInvoker.java:278) ~[spring-data-commons-4.0.3.jar:4.0.3]
	at org.springframework.data.repository.core.support.RepositoryMethodInvoker.doInvoke(RepositoryMethodInvoker.java:169) ~[spring-data-commons-4.0.3.jar:4.0.3]
	at org.springframework.data.repository.core.support.RepositoryMethodInvoker.invoke(RepositoryMethodInvoker.java:158) ~[spring-data-commons-4.0.3.jar:4.0.3]
	at org.springframework.data.repository.core.support.RepositoryComposition$RepositoryFragments.invoke(RepositoryComposition.java:545) ~[spring-data-commons-4.0.3.jar:4.0.3]
	at org.springframework.data.repository.core.support.RepositoryComposition.invoke(RepositoryComposition.java:290) ~[spring-data-commons-4.0.3.jar:4.0.3]
	at org.springframework.data.repository.core.support.RepositoryFactorySupport$ImplementationMethodExecutionInterceptor.invoke(RepositoryFactorySupport.java:690) ~[spring-data-commons-4.0.3.jar:4.0.3]
	at org.springframework.aop.framework.ReflectiveMethodInvocation.proceed(ReflectiveMethodInvocation.java:179) ~[spring-aop-7.0.5.jar:7.0.5]
	at org.springframework.data.repository.core.support.QueryExecutorMethodInterceptor.doInvoke(QueryExecutorMethodInterceptor.java:171) ~[spring-data-commons-4.0.3.jar:4.0.3]
	at org.springframework.data.repository.core.support.QueryExecutorMethodInterceptor.invoke(QueryExecutorMethodInterceptor.java:146) ~[spring-data-commons-4.0.3.jar:4.0.3]
	at org.springframework.aop.framework.ReflectiveMethodInvocation.proceed(ReflectiveMethodInvocation.java:179) ~[spring-aop-7.0.5.jar:7.0.5]
	at org.springframework.data.projection.DefaultMethodInvokingMethodInterceptor.invoke(DefaultMethodInvokingMethodInterceptor.java:69) ~[spring-data-commons-4.0.3.jar:4.0.3]
	at org.springframework.aop.framework.ReflectiveMethodInvocation.proceed(ReflectiveMethodInvocation.java:179) ~[spring-aop-7.0.5.jar:7.0.5]
	at org.springframework.transaction.interceptor.TransactionInterceptor$1.proceedWithInvocation(TransactionInterceptor.java:133) ~[spring-tx-7.0.5.jar:7.0.5]
	at org.springframework.transaction.interceptor.TransactionAspectSupport.invokeWithinTransaction(TransactionAspectSupport.java:371) ~[spring-tx-7.0.5.jar:7.0.5]
	at org.springframework.transaction.interceptor.TransactionInterceptor.invoke(TransactionInterceptor.java:130) ~[spring-tx-7.0.5.jar:7.0.5]
	at org.springframework.aop.framework.ReflectiveMethodInvocation.proceed(ReflectiveMethodInvocation.java:179) ~[spring-aop-7.0.5.jar:7.0.5]
	at org.springframework.dao.support.PersistenceExceptionTranslationInterceptor.invoke(PersistenceExceptionTranslationInterceptor.java:135) ~[spring-tx-7.0.5.jar:7.0.5]
	... 47 common frames omitted
Caused by: java.sql.SQLSyntaxErrorException: Unknown column 's1_0.badges' in 'field list'
	at com.mysql.cj.jdbc.exceptions.SQLError.createSQLException(SQLError.java:112) ~[mysql-connector-j-9.6.0.jar:9.6.0]
	at com.mysql.cj.jdbc.exceptions.SQLExceptionsMapping.translateException(SQLExceptionsMapping.java:114) ~[mysql-connector-j-9.6.0.jar:9.6.0]
	at com.mysql.cj.jdbc.ClientPreparedStatement.executeInternal(ClientPreparedStatement.java:988) ~[mysql-connector-j-9.6.0.jar:9.6.0]
	at com.mysql.cj.jdbc.ClientPreparedStatement.executeQuery(ClientPreparedStatement.java:1056) ~[mysql-connector-j-9.6.0.jar:9.6.0]
	at com.zaxxer.hikari.pool.ProxyPreparedStatement.executeQuery(ProxyPreparedStatement.java:52) ~[HikariCP-7.0.2.jar:na]
	at com.zaxxer.hikari.pool.HikariProxyPreparedStatement.executeQuery(HikariProxyPreparedStatement.java) ~[HikariCP-7.0.2.jar:na]
	at org.hibernate.sql.results.jdbc.internal.DeferredResultSetAccess.executeQuery(DeferredResultSetAccess.java:271) ~[hibernate-core-7.2.4.Final.jar:7.2.4.Final]
	... 109 common frames omitted

2026-06-03T14:48:12.441+09:00 DEBUG 19664 --- [koalaback] [   scheduling-1] org.hibernate.SQL                        : 
    select
        o1_0.id,
        o1_0.cancelled_at,
        o1_0.created_at,
        o1_0.currency,
        o1_0.discount_amount,
        o1_0.order_no,
        o1_0.order_status,
        o1_0.orderer_email,
        o1_0.orderer_name,
        o1_0.orderer_phone,
        o1_0.paid_at,
        o1_0.payment_status,
        o1_0.product_amount,
        s1_0.id,
        s1_0.address1,
        s1_0.address2,
        s1_0.carrier_code,
        s1_0.created_at,
        s1_0.delivered_at,
        s1_0.delivery_request,
        s1_0.order_id,
        s1_0.recipient_name,
        s1_0.recipient_phone,
        s1_0.shipped_at,
        s1_0.tracking_no,
        s1_0.updated_at,
        s1_0.zip_code,
        o1_0.shipping_amount,
        o1_0.tax_amount,
        o1_0.total_amount,
        o1_0.updated_at,
        o1_0.user_id 
    from
        orders o1_0 
    left join
        order_shipments s1_0 
            on o1_0.id=s1_0.order_id 
    where
        o1_0.id=?
2026-06-03T14:48:12.446+09:00 DEBUG 19664 --- [koalaback] [   scheduling-1] org.hibernate.SQL                        : 
    select
        oi1_0.order_id,
        oi1_0.id,
        oi1_0.artist_id,
        oi1_0.artist_code_snapshot,
        oi1_0.artist_name_snapshot,
        oi1_0.created_at,
        oi1_0.discount_amount,
        oi1_0.line_total_amount,
        oi1_0.quantity,
        oi1_0.review_written,
        oi1_0.sku_id,
        oi1_0.sku_code_snapshot,
        oi1_0.sku_name_snapshot,
        oi1_0.sku_snapshot_json,
        oi1_0.tax_amount,
        oi1_0.unit_price 
    from
        order_items oi1_0 
    where
        oi1_0.order_id=?
2026-06-03T14:48:12.451+09:00 DEBUG 19664 --- [koalaback] [   scheduling-1] org.hibernate.SQL                        : 
    select
        s1_0.id,
        s1_0.ar_asset_url,
        s1_0.ar_preview_image_url,
        s1_0.artist_id,
        s1_0.badges,
        s1_0.created_at,
        s1_0.currency,
        s1_0.deleted_at,
        s1_0.depth_cm,
        s1_0.description,
        s1_0.edition_number,
        s1_0.edition_size,
        s1_0.genre,
        s1_0.height_cm,
        s1_0.is_limited_edition,
        s1_0.list_price,
        s1_0.material,
        s1_0.material_description,
        s1_0.name,
        s1_0.packaging_description,
        s1_0.packaging_title,
        s1_0.primary_image_url,
        s1_0.published_at,
        s1_0.sale_price,
        s1_0.sku_code,
        s1_0.sku_type,
        s1_0.slug,
        s1_0.spine_pictures_json,
        s1_0.status,
        s1_0.updated_at,
        s1_0.weight_kg,
        s1_0.width_cm 
    from
        skus s1_0 
    where
        s1_0.id=?
2026-06-03T14:48:12.455+09:00  WARN 19664 --- [koalaback] [   scheduling-1] org.hibernate.orm.jdbc.error             : HHH000247: ErrorCode: 1054, SQLState: 42S22
2026-06-03T14:48:12.455+09:00  WARN 19664 --- [koalaback] [   scheduling-1] org.hibernate.orm.jdbc.error             : Unknown column 's1_0.badges' in 'field list'
2026-06-03T14:48:12.458+09:00 ERROR 19664 --- [koalaback] [   scheduling-1] c.k.k.d.o.service.OrderExpiryScheduler   : [OrderExpiry] 주문 KL-20260419172949-1116 만료 처리 실패: JDBC exception executing SQL [Unknown column 's1_0.badges' in 'field list'] [select s1_0.id,s1_0.ar_asset_url,s1_0.ar_preview_image_url,s1_0.artist_id,s1_0.badges,s1_0.created_at,s1_0.currency,s1_0.deleted_at,s1_0.depth_cm,s1_0.description,s1_0.edition_number,s1_0.edition_size,s1_0.genre,s1_0.height_cm,s1_0.is_limited_edition,s1_0.list_price,s1_0.material,s1_0.material_description,s1_0.name,s1_0.packaging_description,s1_0.packaging_title,s1_0.primary_image_url,s1_0.published_at,s1_0.sale_price,s1_0.sku_code,s1_0.sku_type,s1_0.slug,s1_0.spine_pictures_json,s1_0.status,s1_0.updated_at,s1_0.weight_kg,s1_0.width_cm from skus s1_0 where s1_0.id=?]; SQL [select s1_0.id,s1_0.ar_asset_url,s1_0.ar_preview_image_url,s1_0.artist_id,s1_0.badges,s1_0.created_at,s1_0.currency,s1_0.deleted_at,s1_0.depth_cm,s1_0.description,s1_0.edition_number,s1_0.edition_size,s1_0.genre,s1_0.height_cm,s1_0.is_limited_edition,s1_0.list_price,s1_0.material,s1_0.material_description,s1_0.name,s1_0.packaging_description,s1_0.packaging_title,s1_0.primary_image_url,s1_0.published_at,s1_0.sale_price,s1_0.sku_code,s1_0.sku_type,s1_0.slug,s1_0.spine_pictures_json,s1_0.status,s1_0.updated_at,s1_0.weight_kg,s1_0.width_cm from skus s1_0 where s1_0.id=?]

org.springframework.dao.InvalidDataAccessResourceUsageException: JDBC exception executing SQL [Unknown column 's1_0.badges' in 'field list'] [select s1_0.id,s1_0.ar_asset_url,s1_0.ar_preview_image_url,s1_0.artist_id,s1_0.badges,s1_0.created_at,s1_0.currency,s1_0.deleted_at,s1_0.depth_cm,s1_0.description,s1_0.edition_number,s1_0.edition_size,s1_0.genre,s1_0.height_cm,s1_0.is_limited_edition,s1_0.list_price,s1_0.material,s1_0.material_description,s1_0.name,s1_0.packaging_description,s1_0.packaging_title,s1_0.primary_image_url,s1_0.published_at,s1_0.sale_price,s1_0.sku_code,s1_0.sku_type,s1_0.slug,s1_0.spine_pictures_json,s1_0.status,s1_0.updated_at,s1_0.weight_kg,s1_0.width_cm from skus s1_0 where s1_0.id=?]; SQL [select s1_0.id,s1_0.ar_asset_url,s1_0.ar_preview_image_url,s1_0.artist_id,s1_0.badges,s1_0.created_at,s1_0.currency,s1_0.deleted_at,s1_0.depth_cm,s1_0.description,s1_0.edition_number,s1_0.edition_size,s1_0.genre,s1_0.height_cm,s1_0.is_limited_edition,s1_0.list_price,s1_0.material,s1_0.material_description,s1_0.name,s1_0.packaging_description,s1_0.packaging_title,s1_0.primary_image_url,s1_0.published_at,s1_0.sale_price,s1_0.sku_code,s1_0.sku_type,s1_0.slug,s1_0.spine_pictures_json,s1_0.status,s1_0.updated_at,s1_0.weight_kg,s1_0.width_cm from skus s1_0 where s1_0.id=?]
	at org.springframework.orm.jpa.hibernate.HibernateExceptionTranslator.convertHibernateAccessException(HibernateExceptionTranslator.java:156) ~[spring-orm-7.0.5.jar:7.0.5]
	at org.springframework.orm.jpa.hibernate.HibernateExceptionTranslator.convertHibernateAccessException(HibernateExceptionTranslator.java:131) ~[spring-orm-7.0.5.jar:7.0.5]
	at org.springframework.orm.jpa.hibernate.HibernateExceptionTranslator.translateExceptionIfPossible(HibernateExceptionTranslator.java:105) ~[spring-orm-7.0.5.jar:7.0.5]
	at org.springframework.orm.jpa.vendor.HibernateJpaDialect.translateExceptionIfPossible(HibernateJpaDialect.java:223) ~[spring-orm-7.0.5.jar:7.0.5]
	at org.springframework.orm.jpa.AbstractEntityManagerFactoryBean.translateExceptionIfPossible(AbstractEntityManagerFactoryBean.java:576) ~[spring-orm-7.0.5.jar:7.0.5]
	at org.springframework.dao.support.ChainedPersistenceExceptionTranslator.translateExceptionIfPossible(ChainedPersistenceExceptionTranslator.java:61) ~[spring-tx-7.0.5.jar:7.0.5]
	at org.springframework.dao.support.DataAccessUtils.translateIfNecessary(DataAccessUtils.java:346) ~[spring-tx-7.0.5.jar:7.0.5]
	at org.springframework.dao.support.PersistenceExceptionTranslationInterceptor.invoke(PersistenceExceptionTranslationInterceptor.java:157) ~[spring-tx-7.0.5.jar:7.0.5]
	at org.springframework.aop.framework.ReflectiveMethodInvocation.proceed(ReflectiveMethodInvocation.java:179) ~[spring-aop-7.0.5.jar:7.0.5]
	at org.springframework.data.jpa.repository.support.CrudMethodMetadataPostProcessor$CrudMethodMetadataPopulatingMethodInterceptor.invoke(CrudMethodMetadataPostProcessor.java:166) ~[spring-data-jpa-4.0.3.jar:4.0.3]
	at org.springframework.aop.framework.ReflectiveMethodInvocation.proceed(ReflectiveMethodInvocation.java:179) ~[spring-aop-7.0.5.jar:7.0.5]
	at org.springframework.aop.framework.JdkDynamicAopProxy.invoke(JdkDynamicAopProxy.java:222) ~[spring-aop-7.0.5.jar:7.0.5]
	at jdk.proxy4/jdk.proxy4.$Proxy207.findById(Unknown Source) ~[na:na]
	at com.koala.koalaback.domain.sku.service.StockService.getSkuOrThrow(StockService.java:118) ~[main/:na]
	at com.koala.koalaback.domain.sku.service.StockService.restore(StockService.java:73) ~[main/:na]
	at java.base/jdk.internal.reflect.DirectMethodHandleAccessor.invoke(DirectMethodHandleAccessor.java:103) ~[na:na]
	at java.base/java.lang.reflect.Method.invoke(Method.java:580) ~[na:na]
	at org.springframework.aop.support.AopUtils.invokeJoinpointUsingReflection(AopUtils.java:359) ~[spring-aop-7.0.5.jar:7.0.5]
	at org.springframework.aop.framework.ReflectiveMethodInvocation.invokeJoinpoint(ReflectiveMethodInvocation.java:190) ~[spring-aop-7.0.5.jar:7.0.5]
	at org.springframework.aop.framework.ReflectiveMethodInvocation.proceed(ReflectiveMethodInvocation.java:158) ~[spring-aop-7.0.5.jar:7.0.5]
	at org.springframework.transaction.interceptor.TransactionInterceptor$1.proceedWithInvocation(TransactionInterceptor.java:133) ~[spring-tx-7.0.5.jar:7.0.5]
	at org.springframework.transaction.interceptor.TransactionAspectSupport.invokeWithinTransaction(TransactionAspectSupport.java:371) ~[spring-tx-7.0.5.jar:7.0.5]
	at org.springframework.transaction.interceptor.TransactionInterceptor.invoke(TransactionInterceptor.java:130) ~[spring-tx-7.0.5.jar:7.0.5]
	at org.springframework.aop.framework.ReflectiveMethodInvocation.proceed(ReflectiveMethodInvocation.java:179) ~[spring-aop-7.0.5.jar:7.0.5]
	at org.springframework.aop.framework.CglibAopProxy$DynamicAdvisedInterceptor.intercept(CglibAopProxy.java:719) ~[spring-aop-7.0.5.jar:7.0.5]
	at com.koala.koalaback.domain.sku.service.StockService$$SpringCGLIB$$0.restore(<generated>) ~[main/:na]
	at com.koala.koalaback.domain.order.service.OrderService.lambda$expirePendingOrder$6(OrderService.java:191) ~[main/:na]
	at java.base/java.lang.Iterable.forEach(Iterable.java:75) ~[na:na]
	at com.koala.koalaback.domain.order.service.OrderService.expirePendingOrder(OrderService.java:189) ~[main/:na]
	at java.base/jdk.internal.reflect.DirectMethodHandleAccessor.invoke(DirectMethodHandleAccessor.java:103) ~[na:na]
	at java.base/java.lang.reflect.Method.invoke(Method.java:580) ~[na:na]
	at org.springframework.aop.support.AopUtils.invokeJoinpointUsingReflection(AopUtils.java:359) ~[spring-aop-7.0.5.jar:7.0.5]
	at org.springframework.aop.framework.ReflectiveMethodInvocation.invokeJoinpoint(ReflectiveMethodInvocation.java:190) ~[spring-aop-7.0.5.jar:7.0.5]
	at org.springframework.aop.framework.ReflectiveMethodInvocation.proceed(ReflectiveMethodInvocation.java:158) ~[spring-aop-7.0.5.jar:7.0.5]
	at org.springframework.transaction.interceptor.TransactionInterceptor$1.proceedWithInvocation(TransactionInterceptor.java:133) ~[spring-tx-7.0.5.jar:7.0.5]
	at org.springframework.transaction.interceptor.TransactionAspectSupport.invokeWithinTransaction(TransactionAspectSupport.java:371) ~[spring-tx-7.0.5.jar:7.0.5]
	at org.springframework.transaction.interceptor.TransactionInterceptor.invoke(TransactionInterceptor.java:130) ~[spring-tx-7.0.5.jar:7.0.5]
	at org.springframework.aop.framework.ReflectiveMethodInvocation.proceed(ReflectiveMethodInvocation.java:179) ~[spring-aop-7.0.5.jar:7.0.5]
	at org.springframework.aop.framework.CglibAopProxy$DynamicAdvisedInterceptor.intercept(CglibAopProxy.java:719) ~[spring-aop-7.0.5.jar:7.0.5]
	at com.koala.koalaback.domain.order.service.OrderService$$SpringCGLIB$$0.expirePendingOrder(<generated>) ~[main/:na]
	at com.koala.koalaback.domain.order.service.OrderExpiryScheduler.releaseExpiredPendingOrders(OrderExpiryScheduler.java:50) ~[main/:na]
	at java.base/jdk.internal.reflect.DirectMethodHandleAccessor.invoke(DirectMethodHandleAccessor.java:103) ~[na:na]
	at java.base/java.lang.reflect.Method.invoke(Method.java:580) ~[na:na]
	at org.springframework.scheduling.support.ScheduledMethodRunnable.runInternal(ScheduledMethodRunnable.java:128) ~[spring-context-7.0.5.jar:7.0.5]
	at org.springframework.scheduling.support.ScheduledMethodRunnable.lambda$run$1(ScheduledMethodRunnable.java:122) ~[spring-context-7.0.5.jar:7.0.5]
	at io.micrometer.observation.Observation.observe(Observation.java:564) ~[micrometer-observation-1.16.3.jar:1.16.3]
	at org.springframework.scheduling.support.ScheduledMethodRunnable.run(ScheduledMethodRunnable.java:122) ~[spring-context-7.0.5.jar:7.0.5]
	at org.springframework.scheduling.config.Task$OutcomeTrackingRunnable.run(Task.java:88) ~[spring-context-7.0.5.jar:7.0.5]
	at org.springframework.scheduling.support.DelegatingErrorHandlingRunnable.run(DelegatingErrorHandlingRunnable.java:54) ~[spring-context-7.0.5.jar:7.0.5]
	at java.base/java.util.concurrent.Executors$RunnableAdapter.call(Executors.java:572) ~[na:na]
	at java.base/java.util.concurrent.FutureTask.runAndReset(FutureTask.java:358) ~[na:na]
	at java.base/java.util.concurrent.ScheduledThreadPoolExecutor$ScheduledFutureTask.run(ScheduledThreadPoolExecutor.java:305) ~[na:na]
	at java.base/java.util.concurrent.ThreadPoolExecutor.runWorker(ThreadPoolExecutor.java:1144) ~[na:na]
	at java.base/java.util.concurrent.ThreadPoolExecutor$Worker.run(ThreadPoolExecutor.java:642) ~[na:na]
	at java.base/java.lang.Thread.run(Thread.java:1583) ~[na:na]
Caused by: org.hibernate.exception.SQLGrammarException: JDBC exception executing SQL [Unknown column 's1_0.badges' in 'field list'] [select s1_0.id,s1_0.ar_asset_url,s1_0.ar_preview_image_url,s1_0.artist_id,s1_0.badges,s1_0.created_at,s1_0.currency,s1_0.deleted_at,s1_0.depth_cm,s1_0.description,s1_0.edition_number,s1_0.edition_size,s1_0.genre,s1_0.height_cm,s1_0.is_limited_edition,s1_0.list_price,s1_0.material,s1_0.material_description,s1_0.name,s1_0.packaging_description,s1_0.packaging_title,s1_0.primary_image_url,s1_0.published_at,s1_0.sale_price,s1_0.sku_code,s1_0.sku_type,s1_0.slug,s1_0.spine_pictures_json,s1_0.status,s1_0.updated_at,s1_0.weight_kg,s1_0.width_cm from skus s1_0 where s1_0.id=?]
	at org.hibernate.exception.internal.SQLExceptionTypeDelegate.convert(SQLExceptionTypeDelegate.java:64) ~[hibernate-core-7.2.4.Final.jar:7.2.4.Final]
	at org.hibernate.exception.internal.StandardSQLExceptionConverter.convert(StandardSQLExceptionConverter.java:34) ~[hibernate-core-7.2.4.Final.jar:7.2.4.Final]
	at org.hibernate.engine.jdbc.spi.SqlExceptionHelper.convert(SqlExceptionHelper.java:115) ~[hibernate-core-7.2.4.Final.jar:7.2.4.Final]
	at org.hibernate.sql.results.jdbc.internal.DeferredResultSetAccess.executeQuery(DeferredResultSetAccess.java:290) ~[hibernate-core-7.2.4.Final.jar:7.2.4.Final]
	at org.hibernate.sql.results.jdbc.internal.DeferredResultSetAccess.getResultSet(DeferredResultSetAccess.java:190) ~[hibernate-core-7.2.4.Final.jar:7.2.4.Final]
	at org.hibernate.sql.results.jdbc.internal.JdbcValuesResultSetImpl.<init>(JdbcValuesResultSetImpl.java:71) ~[hibernate-core-7.2.4.Final.jar:7.2.4.Final]
	at org.hibernate.sql.exec.internal.JdbcSelectExecutorStandardImpl.resolveJdbcValues(JdbcSelectExecutorStandardImpl.java:393) ~[hibernate-core-7.2.4.Final.jar:7.2.4.Final]
	at org.hibernate.sql.exec.internal.JdbcSelectExecutorStandardImpl.resolveJdbcValuesSource(JdbcSelectExecutorStandardImpl.java:354) ~[hibernate-core-7.2.4.Final.jar:7.2.4.Final]
	at org.hibernate.sql.exec.internal.JdbcSelectExecutorStandardImpl.doExecuteQuery(JdbcSelectExecutorStandardImpl.java:135) ~[hibernate-core-7.2.4.Final.jar:7.2.4.Final]
	at org.hibernate.sql.exec.internal.JdbcSelectExecutorStandardImpl.executeQuery(JdbcSelectExecutorStandardImpl.java:100) ~[hibernate-core-7.2.4.Final.jar:7.2.4.Final]
	at org.hibernate.sql.exec.spi.JdbcSelectExecutor.executeQuery(JdbcSelectExecutor.java:63) ~[hibernate-core-7.2.4.Final.jar:7.2.4.Final]
	at org.hibernate.sql.exec.spi.JdbcSelectExecutor.list(JdbcSelectExecutor.java:137) ~[hibernate-core-7.2.4.Final.jar:7.2.4.Final]
	at org.hibernate.loader.ast.internal.SingleIdLoadPlan.load(SingleIdLoadPlan.java:139) ~[hibernate-core-7.2.4.Final.jar:7.2.4.Final]
	at org.hibernate.loader.ast.internal.SingleIdEntityLoaderStandardImpl.load(SingleIdEntityLoaderStandardImpl.java:74) ~[hibernate-core-7.2.4.Final.jar:7.2.4.Final]
	at org.hibernate.loader.ast.internal.AbstractEntityBatchLoader.load(AbstractEntityBatchLoader.java:89) ~[hibernate-core-7.2.4.Final.jar:7.2.4.Final]
	at org.hibernate.loader.ast.internal.AbstractEntityBatchLoader.load(AbstractEntityBatchLoader.java:52) ~[hibernate-core-7.2.4.Final.jar:7.2.4.Final]
	at org.hibernate.loader.ast.internal.EntityBatchLoaderInPredicate.load(EntityBatchLoaderInPredicate.java:105) ~[hibernate-core-7.2.4.Final.jar:7.2.4.Final]
	at org.hibernate.persister.entity.AbstractEntityPersister.doLoad(AbstractEntityPersister.java:3530) ~[hibernate-core-7.2.4.Final.jar:7.2.4.Final]
	at org.hibernate.persister.entity.AbstractEntityPersister.load(AbstractEntityPersister.java:3519) ~[hibernate-core-7.2.4.Final.jar:7.2.4.Final]
	at org.hibernate.event.internal.DefaultLoadEventListener.loadFromDatasource(DefaultLoadEventListener.java:576) ~[hibernate-core-7.2.4.Final.jar:7.2.4.Final]
	at org.hibernate.event.internal.DefaultLoadEventListener.loadFromCacheOrDatasource(DefaultLoadEventListener.java:550) ~[hibernate-core-7.2.4.Final.jar:7.2.4.Final]
	at org.hibernate.event.internal.DefaultLoadEventListener.load(DefaultLoadEventListener.java:534) ~[hibernate-core-7.2.4.Final.jar:7.2.4.Final]
	at org.hibernate.event.internal.DefaultLoadEventListener.doLoad(DefaultLoadEventListener.java:520) ~[hibernate-core-7.2.4.Final.jar:7.2.4.Final]
	at org.hibernate.event.internal.DefaultLoadEventListener.load(DefaultLoadEventListener.java:186) ~[hibernate-core-7.2.4.Final.jar:7.2.4.Final]
	at org.hibernate.event.internal.DefaultLoadEventListener.proxyImplementation(DefaultLoadEventListener.java:372) ~[hibernate-core-7.2.4.Final.jar:7.2.4.Final]
	at org.hibernate.event.internal.DefaultLoadEventListener.narrowedProxy(DefaultLoadEventListener.java:365) ~[hibernate-core-7.2.4.Final.jar:7.2.4.Final]
	at org.hibernate.event.internal.DefaultLoadEventListener.loadWithRegularProxy(DefaultLoadEventListener.java:259) ~[hibernate-core-7.2.4.Final.jar:7.2.4.Final]
	at org.hibernate.event.internal.DefaultLoadEventListener.proxyOrLoad(DefaultLoadEventListener.java:219) ~[hibernate-core-7.2.4.Final.jar:7.2.4.Final]
	at org.hibernate.event.internal.DefaultLoadEventListener.doOnLoad(DefaultLoadEventListener.java:96) ~[hibernate-core-7.2.4.Final.jar:7.2.4.Final]
	at org.hibernate.event.internal.DefaultLoadEventListener.onLoad(DefaultLoadEventListener.java:55) ~[hibernate-core-7.2.4.Final.jar:7.2.4.Final]
	at org.hibernate.event.service.internal.EventListenerGroupImpl.fireEventOnEachListener(EventListenerGroupImpl.java:149) ~[hibernate-core-7.2.4.Final.jar:7.2.4.Final]
	at org.hibernate.internal.SessionImpl.fireLoadNoChecks(SessionImpl.java:1291) ~[hibernate-core-7.2.4.Final.jar:7.2.4.Final]
	at org.hibernate.internal.SessionImpl.fireLoad(SessionImpl.java:1278) ~[hibernate-core-7.2.4.Final.jar:7.2.4.Final]
	at org.hibernate.internal.SessionImpl.load(SessionImpl.java:1261) ~[hibernate-core-7.2.4.Final.jar:7.2.4.Final]
	at org.hibernate.loader.internal.IdentifierLoadAccessImpl.doLoad(IdentifierLoadAccessImpl.java:178) ~[hibernate-core-7.2.4.Final.jar:7.2.4.Final]
	at org.hibernate.loader.internal.IdentifierLoadAccessImpl.lambda$load$0(IdentifierLoadAccessImpl.java:164) ~[hibernate-core-7.2.4.Final.jar:7.2.4.Final]
	at org.hibernate.loader.internal.IdentifierLoadAccessImpl.perform(IdentifierLoadAccessImpl.java:127) ~[hibernate-core-7.2.4.Final.jar:7.2.4.Final]
	at org.hibernate.loader.internal.IdentifierLoadAccessImpl.load(IdentifierLoadAccessImpl.java:164) ~[hibernate-core-7.2.4.Final.jar:7.2.4.Final]
	at org.hibernate.internal.SessionImpl.find(SessionImpl.java:2194) ~[hibernate-core-7.2.4.Final.jar:7.2.4.Final]
	at org.hibernate.internal.SessionImpl.find(SessionImpl.java:2168) ~[hibernate-core-7.2.4.Final.jar:7.2.4.Final]
	at java.base/jdk.internal.reflect.DirectMethodHandleAccessor.invoke(DirectMethodHandleAccessor.java:103) ~[na:na]
	at java.base/java.lang.reflect.Method.invoke(Method.java:580) ~[na:na]
	at org.springframework.orm.jpa.SharedEntityManagerCreator$SharedEntityHandlerInvocationHandler.invokeMethod(SharedEntityManagerCreator.java:240) ~[spring-orm-7.0.5.jar:7.0.5]
	at org.springframework.orm.jpa.SharedEntityManagerCreator$SharedEntityManagerInvocationHandler.invoke(SharedEntityManagerCreator.java:386) ~[spring-orm-7.0.5.jar:7.0.5]
	at jdk.proxy4/jdk.proxy4.$Proxy185.find(Unknown Source) ~[na:na]
	at org.springframework.data.jpa.repository.support.SimpleJpaRepository.findById(SimpleJpaRepository.java:342) ~[spring-data-jpa-4.0.3.jar:4.0.3]
	at java.base/jdk.internal.reflect.DirectMethodHandleAccessor.invoke(DirectMethodHandleAccessor.java:103) ~[na:na]
	at java.base/java.lang.reflect.Method.invoke(Method.java:580) ~[na:na]
	at org.springframework.aop.support.AopUtils.invokeJoinpointUsingReflection(AopUtils.java:359) ~[spring-aop-7.0.5.jar:7.0.5]
	at org.springframework.data.repository.core.support.RepositoryMethodInvoker$RepositoryFragmentMethodInvoker.lambda$new$0(RepositoryMethodInvoker.java:278) ~[spring-data-commons-4.0.3.jar:4.0.3]
	at org.springframework.data.repository.core.support.RepositoryMethodInvoker.doInvoke(RepositoryMethodInvoker.java:169) ~[spring-data-commons-4.0.3.jar:4.0.3]
	at org.springframework.data.repository.core.support.RepositoryMethodInvoker.invoke(RepositoryMethodInvoker.java:158) ~[spring-data-commons-4.0.3.jar:4.0.3]
	at org.springframework.data.repository.core.support.RepositoryComposition$RepositoryFragments.invoke(RepositoryComposition.java:545) ~[spring-data-commons-4.0.3.jar:4.0.3]
	at org.springframework.data.repository.core.support.RepositoryComposition.invoke(RepositoryComposition.java:290) ~[spring-data-commons-4.0.3.jar:4.0.3]
	at org.springframework.data.repository.core.support.RepositoryFactorySupport$ImplementationMethodExecutionInterceptor.invoke(RepositoryFactorySupport.java:690) ~[spring-data-commons-4.0.3.jar:4.0.3]
	at org.springframework.aop.framework.ReflectiveMethodInvocation.proceed(ReflectiveMethodInvocation.java:179) ~[spring-aop-7.0.5.jar:7.0.5]
	at org.springframework.data.repository.core.support.QueryExecutorMethodInterceptor.doInvoke(QueryExecutorMethodInterceptor.java:171) ~[spring-data-commons-4.0.3.jar:4.0.3]
	at org.springframework.data.repository.core.support.QueryExecutorMethodInterceptor.invoke(QueryExecutorMethodInterceptor.java:146) ~[spring-data-commons-4.0.3.jar:4.0.3]
	at org.springframework.aop.framework.ReflectiveMethodInvocation.proceed(ReflectiveMethodInvocation.java:179) ~[spring-aop-7.0.5.jar:7.0.5]
	at org.springframework.data.projection.DefaultMethodInvokingMethodInterceptor.invoke(DefaultMethodInvokingMethodInterceptor.java:69) ~[spring-data-commons-4.0.3.jar:4.0.3]
	at org.springframework.aop.framework.ReflectiveMethodInvocation.proceed(ReflectiveMethodInvocation.java:179) ~[spring-aop-7.0.5.jar:7.0.5]
	at org.springframework.transaction.interceptor.TransactionInterceptor$1.proceedWithInvocation(TransactionInterceptor.java:133) ~[spring-tx-7.0.5.jar:7.0.5]
	at org.springframework.transaction.interceptor.TransactionAspectSupport.invokeWithinTransaction(TransactionAspectSupport.java:371) ~[spring-tx-7.0.5.jar:7.0.5]
	at org.springframework.transaction.interceptor.TransactionInterceptor.invoke(TransactionInterceptor.java:130) ~[spring-tx-7.0.5.jar:7.0.5]
	at org.springframework.aop.framework.ReflectiveMethodInvocation.proceed(ReflectiveMethodInvocation.java:179) ~[spring-aop-7.0.5.jar:7.0.5]
	at org.springframework.dao.support.PersistenceExceptionTranslationInterceptor.invoke(PersistenceExceptionTranslationInterceptor.java:135) ~[spring-tx-7.0.5.jar:7.0.5]
	... 47 common frames omitted
Caused by: java.sql.SQLSyntaxErrorException: Unknown column 's1_0.badges' in 'field list'
	at com.mysql.cj.jdbc.exceptions.SQLError.createSQLException(SQLError.java:112) ~[mysql-connector-j-9.6.0.jar:9.6.0]
	at com.mysql.cj.jdbc.exceptions.SQLExceptionsMapping.translateException(SQLExceptionsMapping.java:114) ~[mysql-connector-j-9.6.0.jar:9.6.0]
	at com.mysql.cj.jdbc.ClientPreparedStatement.executeInternal(ClientPreparedStatement.java:988) ~[mysql-connector-j-9.6.0.jar:9.6.0]
	at com.mysql.cj.jdbc.ClientPreparedStatement.executeQuery(ClientPreparedStatement.java:1056) ~[mysql-connector-j-9.6.0.jar:9.6.0]
	at com.zaxxer.hikari.pool.ProxyPreparedStatement.executeQuery(ProxyPreparedStatement.java:52) ~[HikariCP-7.0.2.jar:na]
	at com.zaxxer.hikari.pool.HikariProxyPreparedStatement.executeQuery(HikariProxyPreparedStatement.java) ~[HikariCP-7.0.2.jar:na]
	at org.hibernate.sql.results.jdbc.internal.DeferredResultSetAccess.executeQuery(DeferredResultSetAccess.java:271) ~[hibernate-core-7.2.4.Final.jar:7.2.4.Final]
	... 109 common frames omitted

2026-06-03T14:48:12.472+09:00  INFO 19664 --- [koalaback] [   scheduling-1] c.k.k.d.o.service.OrderExpiryScheduler   : [OrderExpiry] 처리 완료: 0/4건 취소
2026-06-03T14:49:02.833+09:00 DEBUG 19664 --- [koalaback] [nio-8080-exec-9] org.hibernate.SQL                        : 
    select
        s1_0.id,
        s1_0.ar_asset_url,
        s1_0.ar_preview_image_url,
        s1_0.artist_id,
        s1_0.badges,
        s1_0.created_at,
        s1_0.currency,
        s1_0.deleted_at,
        s1_0.depth_cm,
        s1_0.description,
        s1_0.edition_number,
        s1_0.edition_size,
        s1_0.genre,
        s1_0.height_cm,
        s1_0.is_limited_edition,
        s1_0.list_price,
        s1_0.material,
        s1_0.material_description,
        s1_0.name,
        s1_0.packaging_description,
        s1_0.packaging_title,
        s1_0.primary_image_url,
        s1_0.published_at,
        s1_0.sale_price,
        s1_0.sku_code,
        s1_0.sku_type,
        s1_0.slug,
        s1_0.spine_pictures_json,
        s1_0.status,
        s1_0.updated_at,
        s1_0.weight_kg,
        s1_0.width_cm 
    from
        skus s1_0 
    where
        s1_0.status=? 
        and s1_0.deleted_at is null 
    limit
        ?
2026-06-03T14:49:02.836+09:00 DEBUG 19664 --- [koalaback] [nio-8080-exec-1] org.hibernate.SQL                        : 
    select
        b1_0.id,
        b1_0.banner_code,
        b1_0.banner_type,
        b1_0.bg_color,
        b1_0.created_at,
        b1_0.created_by_admin_id,
        b1_0.deleted_at,
        b1_0.image_url,
        b1_0.is_active,
        b1_0.link_target,
        b1_0.link_url,
        b1_0.mobile_image_url,
        b1_0.sort_order,
        b1_0.subtitle,
        b1_0.text_color,
        b1_0.title,
        b1_0.updated_at,
        b1_0.updated_by_admin_id,
        b1_0.visible_from,
        b1_0.visible_to 
    from
        banners b1_0 
    where
        b1_0.banner_type=? 
        and b1_0.is_active=true 
        and b1_0.deleted_at is null 
        and (
            b1_0.visible_from is null 
            or b1_0.visible_from<=?
        ) 
        and (
            b1_0.visible_to is null 
            or b1_0.visible_to>=?
        ) 
    order by
        b1_0.sort_order
2026-06-03T14:49:02.836+09:00  WARN 19664 --- [koalaback] [nio-8080-exec-9] org.hibernate.orm.jdbc.error             : HHH000247: ErrorCode: 1054, SQLState: 42S22
2026-06-03T14:49:02.836+09:00  WARN 19664 --- [koalaback] [nio-8080-exec-9] org.hibernate.orm.jdbc.error             : Unknown column 's1_0.badges' in 'field list'
2026-06-03T14:49:02.837+09:00 DEBUG 19664 --- [koalaback] [io-8080-exec-10] org.hibernate.SQL                        : 
    select
        b1_0.id,
        b1_0.banner_code,
        b1_0.banner_type,
        b1_0.bg_color,
        b1_0.created_at,
        b1_0.created_by_admin_id,
        b1_0.deleted_at,
        b1_0.image_url,
        b1_0.is_active,
        b1_0.link_target,
        b1_0.link_url,
        b1_0.mobile_image_url,
        b1_0.sort_order,
        b1_0.subtitle,
        b1_0.text_color,
        b1_0.title,
        b1_0.updated_at,
        b1_0.updated_by_admin_id,
        b1_0.visible_from,
        b1_0.visible_to 
    from
        banners b1_0 
    where
        b1_0.banner_type=? 
        and b1_0.is_active=true 
        and b1_0.deleted_at is null 
        and (
            b1_0.visible_from is null 
            or b1_0.visible_from<=?
        ) 
        and (
            b1_0.visible_to is null 
            or b1_0.visible_to>=?
        ) 
    order by
        b1_0.sort_order
2026-06-03T14:49:02.850+09:00 DEBUG 19664 --- [koalaback] [nio-8080-exec-2] org.hibernate.SQL                        : 
    select
        count(s1_0.id) 
    from
        skus s1_0 
    where
        s1_0.status=? 
        and s1_0.deleted_at is null
2026-06-03T14:49:02.843+09:00 ERROR 19664 --- [koalaback] [nio-8080-exec-9] c.k.k.g.e.GlobalExceptionHandler         : [500] GET /api/v1/skus — InvalidDataAccessResourceUsageException: JDBC exception executing SQL [Unknown column 's1_0.badges' in 'field list'] [select s1_0.id,s1_0.ar_asset_url,s1_0.ar_preview_image_url,s1_0.artist_id,s1_0.badges,s1_0.created_at,s1_0.currency,s1_0.deleted_at,s1_0.depth_cm,s1_0.description,s1_0.edition_number,s1_0.edition_size,s1_0.genre,s1_0.height_cm,s1_0.is_limited_edition,s1_0.list_price,s1_0.material,s1_0.material_description,s1_0.name,s1_0.packaging_description,s1_0.packaging_title,s1_0.primary_image_url,s1_0.published_at,s1_0.sale_price,s1_0.sku_code,s1_0.sku_type,s1_0.slug,s1_0.spine_pictures_json,s1_0.status,s1_0.updated_at,s1_0.weight_kg,s1_0.width_cm from skus s1_0 where s1_0.status=? and s1_0.deleted_at is null limit ?]; SQL [select s1_0.id,s1_0.ar_asset_url,s1_0.ar_preview_image_url,s1_0.artist_id,s1_0.badges,s1_0.created_at,s1_0.currency,s1_0.deleted_at,s1_0.depth_cm,s1_0.description,s1_0.edition_number,s1_0.edition_size,s1_0.genre,s1_0.height_cm,s1_0.is_limited_edition,s1_0.list_price,s1_0.material,s1_0.material_description,s1_0.name,s1_0.packaging_description,s1_0.packaging_title,s1_0.primary_image_url,s1_0.published_at,s1_0.sale_price,s1_0.sku_code,s1_0.sku_type,s1_0.slug,s1_0.spine_pictures_json,s1_0.status,s1_0.updated_at,s1_0.weight_kg,s1_0.width_cm from skus s1_0 where s1_0.status=? and s1_0.deleted_at is null limit ?]

org.springframework.dao.InvalidDataAccessResourceUsageException: JDBC exception executing SQL [Unknown column 's1_0.badges' in 'field list'] [select s1_0.id,s1_0.ar_asset_url,s1_0.ar_preview_image_url,s1_0.artist_id,s1_0.badges,s1_0.created_at,s1_0.currency,s1_0.deleted_at,s1_0.depth_cm,s1_0.description,s1_0.edition_number,s1_0.edition_size,s1_0.genre,s1_0.height_cm,s1_0.is_limited_edition,s1_0.list_price,s1_0.material,s1_0.material_description,s1_0.name,s1_0.packaging_description,s1_0.packaging_title,s1_0.primary_image_url,s1_0.published_at,s1_0.sale_price,s1_0.sku_code,s1_0.sku_type,s1_0.slug,s1_0.spine_pictures_json,s1_0.status,s1_0.updated_at,s1_0.weight_kg,s1_0.width_cm from skus s1_0 where s1_0.status=? and s1_0.deleted_at is null limit ?]; SQL [select s1_0.id,s1_0.ar_asset_url,s1_0.ar_preview_image_url,s1_0.artist_id,s1_0.badges,s1_0.created_at,s1_0.currency,s1_0.deleted_at,s1_0.depth_cm,s1_0.description,s1_0.edition_number,s1_0.edition_size,s1_0.genre,s1_0.height_cm,s1_0.is_limited_edition,s1_0.list_price,s1_0.material,s1_0.material_description,s1_0.name,s1_0.packaging_description,s1_0.packaging_title,s1_0.primary_image_url,s1_0.published_at,s1_0.sale_price,s1_0.sku_code,s1_0.sku_type,s1_0.slug,s1_0.spine_pictures_json,s1_0.status,s1_0.updated_at,s1_0.weight_kg,s1_0.width_cm from skus s1_0 where s1_0.status=? and s1_0.deleted_at is null limit ?]
	at org.springframework.orm.jpa.hibernate.HibernateExceptionTranslator.convertHibernateAccessException(HibernateExceptionTranslator.java:156) ~[spring-orm-7.0.5.jar:7.0.5]
	at org.springframework.orm.jpa.hibernate.HibernateExceptionTranslator.convertHibernateAccessException(HibernateExceptionTranslator.java:131) ~[spring-orm-7.0.5.jar:7.0.5]
	at org.springframework.orm.jpa.hibernate.HibernateExceptionTranslator.translateExceptionIfPossible(HibernateExceptionTranslator.java:105) ~[spring-orm-7.0.5.jar:7.0.5]
	at org.springframework.orm.jpa.vendor.HibernateJpaDialect.translateExceptionIfPossible(HibernateJpaDialect.java:223) ~[spring-orm-7.0.5.jar:7.0.5]
	at org.springframework.orm.jpa.AbstractEntityManagerFactoryBean.translateExceptionIfPossible(AbstractEntityManagerFactoryBean.java:576) ~[spring-orm-7.0.5.jar:7.0.5]
	at org.springframework.dao.support.ChainedPersistenceExceptionTranslator.translateExceptionIfPossible(ChainedPersistenceExceptionTranslator.java:61) ~[spring-tx-7.0.5.jar:7.0.5]
	at org.springframework.dao.support.DataAccessUtils.translateIfNecessary(DataAccessUtils.java:346) ~[spring-tx-7.0.5.jar:7.0.5]
	at org.springframework.dao.support.PersistenceExceptionTranslationInterceptor.invoke(PersistenceExceptionTranslationInterceptor.java:157) ~[spring-tx-7.0.5.jar:7.0.5]
	at org.springframework.aop.framework.ReflectiveMethodInvocation.proceed(ReflectiveMethodInvocation.java:179) ~[spring-aop-7.0.5.jar:7.0.5]
	at org.springframework.data.jpa.repository.support.CrudMethodMetadataPostProcessor$CrudMethodMetadataPopulatingMethodInterceptor.invoke(CrudMethodMetadataPostProcessor.java:137) ~[spring-data-jpa-4.0.3.jar:4.0.3]
	at org.springframework.aop.framework.ReflectiveMethodInvocation.proceed(ReflectiveMethodInvocation.java:179) ~[spring-aop-7.0.5.jar:7.0.5]
	at org.springframework.aop.framework.JdkDynamicAopProxy.invoke(JdkDynamicAopProxy.java:222) ~[spring-aop-7.0.5.jar:7.0.5]
	at jdk.proxy4/jdk.proxy4.$Proxy207.findByStatusAndDeletedAtIsNull(Unknown Source) ~[na:na]
	at com.koala.koalaback.domain.sku.service.SkuService.getActiveSkus(SkuService.java:49) ~[main/:na]
	at java.base/jdk.internal.reflect.DirectMethodHandleAccessor.invoke(DirectMethodHandleAccessor.java:103) ~[na:na]
	at java.base/java.lang.reflect.Method.invoke(Method.java:580) ~[na:na]
	at org.springframework.aop.support.AopUtils.invokeJoinpointUsingReflection(AopUtils.java:359) ~[spring-aop-7.0.5.jar:7.0.5]
	at org.springframework.aop.framework.ReflectiveMethodInvocation.invokeJoinpoint(ReflectiveMethodInvocation.java:190) ~[spring-aop-7.0.5.jar:7.0.5]
	at org.springframework.aop.framework.ReflectiveMethodInvocation.proceed(ReflectiveMethodInvocation.java:158) ~[spring-aop-7.0.5.jar:7.0.5]
	at org.springframework.transaction.interceptor.TransactionInterceptor$1.proceedWithInvocation(TransactionInterceptor.java:133) ~[spring-tx-7.0.5.jar:7.0.5]
	at org.springframework.transaction.interceptor.TransactionAspectSupport.invokeWithinTransaction(TransactionAspectSupport.java:371) ~[spring-tx-7.0.5.jar:7.0.5]
	at org.springframework.transaction.interceptor.TransactionInterceptor.invoke(TransactionInterceptor.java:130) ~[spring-tx-7.0.5.jar:7.0.5]
	at org.springframework.aop.framework.ReflectiveMethodInvocation.proceed(ReflectiveMethodInvocation.java:179) ~[spring-aop-7.0.5.jar:7.0.5]
	at org.springframework.aop.framework.CglibAopProxy$DynamicAdvisedInterceptor.intercept(CglibAopProxy.java:719) ~[spring-aop-7.0.5.jar:7.0.5]
	at com.koala.koalaback.domain.sku.service.SkuService$$SpringCGLIB$$0.getActiveSkus(<generated>) ~[main/:na]
	at com.koala.koalaback.api.sku.SkuController.getSkus(SkuController.java:28) ~[main/:na]
	at java.base/jdk.internal.reflect.DirectMethodHandleAccessor.invoke(DirectMethodHandleAccessor.java:103) ~[na:na]
	at java.base/java.lang.reflect.Method.invoke(Method.java:580) ~[na:na]
	at org.springframework.web.method.support.InvocableHandlerMethod.doInvoke(InvocableHandlerMethod.java:252) ~[spring-web-7.0.5.jar:7.0.5]
	at org.springframework.web.method.support.InvocableHandlerMethod.invokeForRequest(InvocableHandlerMethod.java:184) ~[spring-web-7.0.5.jar:7.0.5]
	at org.springframework.web.servlet.mvc.method.annotation.ServletInvocableHandlerMethod.invokeAndHandle(ServletInvocableHandlerMethod.java:117) ~[spring-webmvc-7.0.5.jar:7.0.5]
	at org.springframework.web.servlet.mvc.method.annotation.RequestMappingHandlerAdapter.invokeHandlerMethod(RequestMappingHandlerAdapter.java:934) ~[spring-webmvc-7.0.5.jar:7.0.5]
	at org.springframework.web.servlet.mvc.method.annotation.RequestMappingHandlerAdapter.handleInternal(RequestMappingHandlerAdapter.java:853) ~[spring-webmvc-7.0.5.jar:7.0.5]
	at org.springframework.web.servlet.mvc.method.AbstractHandlerMethodAdapter.handle(AbstractHandlerMethodAdapter.java:86) ~[spring-webmvc-7.0.5.jar:7.0.5]
	at org.springframework.web.servlet.DispatcherServlet.doDispatch(DispatcherServlet.java:963) ~[spring-webmvc-7.0.5.jar:7.0.5]
	at org.springframework.web.servlet.DispatcherServlet.doService(DispatcherServlet.java:866) ~[spring-webmvc-7.0.5.jar:7.0.5]
	at org.springframework.web.servlet.FrameworkServlet.processRequest(FrameworkServlet.java:1000) ~[spring-webmvc-7.0.5.jar:7.0.5]
	at org.springframework.web.servlet.FrameworkServlet.doGet(FrameworkServlet.java:892) ~[spring-webmvc-7.0.5.jar:7.0.5]
	at jakarta.servlet.http.HttpServlet.service(HttpServlet.java:622) ~[tomcat-embed-core-11.0.18.jar:6.1]
	at org.springframework.web.servlet.FrameworkServlet.service(FrameworkServlet.java:874) ~[spring-webmvc-7.0.5.jar:7.0.5]
	at jakarta.servlet.http.HttpServlet.service(HttpServlet.java:710) ~[tomcat-embed-core-11.0.18.jar:6.1]
	at org.apache.catalina.core.ApplicationFilterChain.doFilter(ApplicationFilterChain.java:128) ~[tomcat-embed-core-11.0.18.jar:11.0.18]
	at org.apache.tomcat.websocket.server.WsFilter.doFilter(WsFilter.java:53) ~[tomcat-embed-websocket-11.0.18.jar:11.0.18]
	at org.apache.catalina.core.ApplicationFilterChain.doFilter(ApplicationFilterChain.java:107) ~[tomcat-embed-core-11.0.18.jar:11.0.18]
	at org.springframework.web.filter.CompositeFilter$VirtualFilterChain.doFilter(CompositeFilter.java:108) ~[spring-web-7.0.5.jar:7.0.5]
	at org.springframework.security.web.FilterChainProxy.lambda$doFilterInternal$3(FilterChainProxy.java:235) ~[spring-security-web-7.0.3.jar:7.0.3]
	at org.springframework.security.web.ObservationFilterChainDecorator$FilterObservation$SimpleFilterObservation.lambda$wrap$1(ObservationFilterChainDecorator.java:493) ~[spring-security-web-7.0.3.jar:7.0.3]
	at org.springframework.security.web.ObservationFilterChainDecorator$AroundFilterObservation$SimpleAroundFilterObservation.lambda$wrap$1(ObservationFilterChainDecorator.java:354) ~[spring-security-web-7.0.3.jar:7.0.3]
	at org.springframework.security.web.ObservationFilterChainDecorator.lambda$wrapSecured$0(ObservationFilterChainDecorator.java:86) ~[spring-security-web-7.0.3.jar:7.0.3]
	at org.springframework.security.web.ObservationFilterChainDecorator$VirtualFilterChain.doFilter(ObservationFilterChainDecorator.java:132) ~[spring-security-web-7.0.3.jar:7.0.3]
	at org.springframework.security.web.access.intercept.AuthorizationFilter.doFilter(AuthorizationFilter.java:101) ~[spring-security-web-7.0.3.jar:7.0.3]
	at org.springframework.security.web.ObservationFilterChainDecorator$ObservationFilter.wrapFilter(ObservationFilterChainDecorator.java:244) ~[spring-security-web-7.0.3.jar:7.0.3]
	at org.springframework.security.web.ObservationFilterChainDecorator$ObservationFilter.doFilter(ObservationFilterChainDecorator.java:231) ~[spring-security-web-7.0.3.jar:7.0.3]
	at org.springframework.security.web.ObservationFilterChainDecorator$VirtualFilterChain.doFilter(ObservationFilterChainDecorator.java:141) ~[spring-security-web-7.0.3.jar:7.0.3]
	at org.springframework.security.web.access.ExceptionTranslationFilter.doFilter(ExceptionTranslationFilter.java:126) ~[spring-security-web-7.0.3.jar:7.0.3]
	at org.springframework.security.web.access.ExceptionTranslationFilter.doFilter(ExceptionTranslationFilter.java:120) ~[spring-security-web-7.0.3.jar:7.0.3]
	at org.springframework.security.web.ObservationFilterChainDecorator$ObservationFilter.wrapFilter(ObservationFilterChainDecorator.java:244) ~[spring-security-web-7.0.3.jar:7.0.3]
	at org.springframework.security.web.ObservationFilterChainDecorator$ObservationFilter.doFilter(ObservationFilterChainDecorator.java:231) ~[spring-security-web-7.0.3.jar:7.0.3]
	at org.springframework.security.web.ObservationFilterChainDecorator$VirtualFilterChain.doFilter(ObservationFilterChainDecorator.java:141) ~[spring-security-web-7.0.3.jar:7.0.3]
	at org.springframework.security.web.session.SessionManagementFilter.doFilter(SessionManagementFilter.java:132) ~[spring-security-web-7.0.3.jar:7.0.3]
	at org.springframework.security.web.session.SessionManagementFilter.doFilter(SessionManagementFilter.java:86) ~[spring-security-web-7.0.3.jar:7.0.3]
	at org.springframework.security.web.ObservationFilterChainDecorator$ObservationFilter.wrapFilter(ObservationFilterChainDecorator.java:244) ~[spring-security-web-7.0.3.jar:7.0.3]
	at org.springframework.security.web.ObservationFilterChainDecorator$ObservationFilter.doFilter(ObservationFilterChainDecorator.java:231) ~[spring-security-web-7.0.3.jar:7.0.3]
	at org.springframework.security.web.ObservationFilterChainDecorator$VirtualFilterChain.doFilter(ObservationFilterChainDecorator.java:141) ~[spring-security-web-7.0.3.jar:7.0.3]
	at org.springframework.security.web.authentication.AnonymousAuthenticationFilter.doFilter(AnonymousAuthenticationFilter.java:100) ~[spring-security-web-7.0.3.jar:7.0.3]
	at org.springframework.security.web.ObservationFilterChainDecorator$ObservationFilter.wrapFilter(ObservationFilterChainDecorator.java:244) ~[spring-security-web-7.0.3.jar:7.0.3]
	at org.springframework.security.web.ObservationFilterChainDecorator$ObservationFilter.doFilter(ObservationFilterChainDecorator.java:231) ~[spring-security-web-7.0.3.jar:7.0.3]
	at org.springframework.security.web.ObservationFilterChainDecorator$VirtualFilterChain.doFilter(ObservationFilterChainDecorator.java:141) ~[spring-security-web-7.0.3.jar:7.0.3]
	at org.springframework.security.web.servletapi.SecurityContextHolderAwareRequestFilter.doFilter(SecurityContextHolderAwareRequestFilter.java:181) ~[spring-security-web-7.0.3.jar:7.0.3]
	at org.springframework.security.web.ObservationFilterChainDecorator$ObservationFilter.wrapFilter(ObservationFilterChainDecorator.java:244) ~[spring-security-web-7.0.3.jar:7.0.3]
	at org.springframework.security.web.ObservationFilterChainDecorator$ObservationFilter.doFilter(ObservationFilterChainDecorator.java:231) ~[spring-security-web-7.0.3.jar:7.0.3]
	at org.springframework.security.web.ObservationFilterChainDecorator$VirtualFilterChain.doFilter(ObservationFilterChainDecorator.java:141) ~[spring-security-web-7.0.3.jar:7.0.3]
	at org.springframework.security.web.savedrequest.RequestCacheAwareFilter.doFilter(RequestCacheAwareFilter.java:63) ~[spring-security-web-7.0.3.jar:7.0.3]
	at org.springframework.security.web.ObservationFilterChainDecorator$ObservationFilter.wrapFilter(ObservationFilterChainDecorator.java:244) ~[spring-security-web-7.0.3.jar:7.0.3]
	at org.springframework.security.web.ObservationFilterChainDecorator$ObservationFilter.doFilter(ObservationFilterChainDecorator.java:231) ~[spring-security-web-7.0.3.jar:7.0.3]
	at org.springframework.security.web.ObservationFilterChainDecorator$VirtualFilterChain.doFilter(ObservationFilterChainDecorator.java:141) ~[spring-security-web-7.0.3.jar:7.0.3]
	at com.koala.koalaback.global.security.JwtFilter.doFilterInternal(JwtFilter.java:54) ~[main/:na]
	at org.springframework.web.filter.OncePerRequestFilter.doFilter(OncePerRequestFilter.java:116) ~[spring-web-7.0.5.jar:7.0.5]
	at org.springframework.security.web.ObservationFilterChainDecorator$ObservationFilter.wrapFilter(ObservationFilterChainDecorator.java:244) ~[spring-security-web-7.0.3.jar:7.0.3]
	at org.springframework.security.web.ObservationFilterChainDecorator$ObservationFilter.doFilter(ObservationFilterChainDecorator.java:231) ~[spring-security-web-7.0.3.jar:7.0.3]
	at org.springframework.security.web.ObservationFilterChainDecorator$VirtualFilterChain.doFilter(ObservationFilterChainDecorator.java:141) ~[spring-security-web-7.0.3.jar:7.0.3]
	at com.koala.koalaback.global.security.RateLimitFilter.doFilterInternal(RateLimitFilter.java:95) ~[main/:na]
	at org.springframework.web.filter.OncePerRequestFilter.doFilter(OncePerRequestFilter.java:116) ~[spring-web-7.0.5.jar:7.0.5]
	at org.springframework.security.web.ObservationFilterChainDecorator$ObservationFilter.wrapFilter(ObservationFilterChainDecorator.java:244) ~[spring-security-web-7.0.3.jar:7.0.3]
	at org.springframework.security.web.ObservationFilterChainDecorator$ObservationFilter.doFilter(ObservationFilterChainDecorator.java:231) ~[spring-security-web-7.0.3.jar:7.0.3]
	at org.springframework.security.web.ObservationFilterChainDecorator$VirtualFilterChain.doFilter(ObservationFilterChainDecorator.java:141) ~[spring-security-web-7.0.3.jar:7.0.3]
	at com.koala.koalaback.global.security.AdminIpAllowlistFilter.doFilterInternal(AdminIpAllowlistFilter.java:61) ~[main/:na]
	at org.springframework.web.filter.OncePerRequestFilter.doFilter(OncePerRequestFilter.java:116) ~[spring-web-7.0.5.jar:7.0.5]
	at org.springframework.security.web.ObservationFilterChainDecorator$ObservationFilter.wrapFilter(ObservationFilterChainDecorator.java:244) ~[spring-security-web-7.0.3.jar:7.0.3]
	at org.springframework.security.web.ObservationFilterChainDecorator$ObservationFilter.doFilter(ObservationFilterChainDecorator.java:231) ~[spring-security-web-7.0.3.jar:7.0.3]
	at org.springframework.security.web.ObservationFilterChainDecorator$VirtualFilterChain.doFilter(ObservationFilterChainDecorator.java:141) ~[spring-security-web-7.0.3.jar:7.0.3]
	at org.springframework.security.web.authentication.AbstractAuthenticationProcessingFilter.doFilter(AbstractAuthenticationProcessingFilter.java:245) ~[spring-security-web-7.0.3.jar:7.0.3]
	at org.springframework.security.web.authentication.AbstractAuthenticationProcessingFilter.doFilter(AbstractAuthenticationProcessingFilter.java:239) ~[spring-security-web-7.0.3.jar:7.0.3]
	at org.springframework.security.web.ObservationFilterChainDecorator$ObservationFilter.wrapFilter(ObservationFilterChainDecorator.java:244) ~[spring-security-web-7.0.3.jar:7.0.3]
	at org.springframework.security.web.ObservationFilterChainDecorator$ObservationFilter.doFilter(ObservationFilterChainDecorator.java:231) ~[spring-security-web-7.0.3.jar:7.0.3]
	at org.springframework.security.web.ObservationFilterChainDecorator$VirtualFilterChain.doFilter(ObservationFilterChainDecorator.java:141) ~[spring-security-web-7.0.3.jar:7.0.3]
	at org.springframework.security.oauth2.client.web.OAuth2AuthorizationRequestRedirectFilter.doFilterInternal(OAuth2AuthorizationRequestRedirectFilter.java:195) ~[spring-security-oauth2-client-7.0.3.jar:7.0.3]
	at org.springframework.web.filter.OncePerRequestFilter.doFilter(OncePerRequestFilter.java:116) ~[spring-web-7.0.5.jar:7.0.5]
	at org.springframework.security.web.ObservationFilterChainDecorator$ObservationFilter.wrapFilter(ObservationFilterChainDecorator.java:244) ~[spring-security-web-7.0.3.jar:7.0.3]
	at org.springframework.security.web.ObservationFilterChainDecorator$ObservationFilter.doFilter(ObservationFilterChainDecorator.java:231) ~[spring-security-web-7.0.3.jar:7.0.3]
	at org.springframework.security.web.ObservationFilterChainDecorator$VirtualFilterChain.doFilter(ObservationFilterChainDecorator.java:141) ~[spring-security-web-7.0.3.jar:7.0.3]
	at org.springframework.security.web.authentication.logout.LogoutFilter.doFilter(LogoutFilter.java:110) ~[spring-security-web-7.0.3.jar:7.0.3]
	at org.springframework.security.web.authentication.logout.LogoutFilter.doFilter(LogoutFilter.java:96) ~[spring-security-web-7.0.3.jar:7.0.3]
	at org.springframework.security.web.ObservationFilterChainDecorator$ObservationFilter.wrapFilter(ObservationFilterChainDecorator.java:244) ~[spring-security-web-7.0.3.jar:7.0.3]
	at org.springframework.security.web.ObservationFilterChainDecorator$ObservationFilter.doFilter(ObservationFilterChainDecorator.java:231) ~[spring-security-web-7.0.3.jar:7.0.3]
	at org.springframework.security.web.ObservationFilterChainDecorator$VirtualFilterChain.doFilter(ObservationFilterChainDecorator.java:141) ~[spring-security-web-7.0.3.jar:7.0.3]
	at org.springframework.web.filter.CorsFilter.doFilterInternal(CorsFilter.java:91) ~[spring-web-7.0.5.jar:7.0.5]
	at org.springframework.web.filter.OncePerRequestFilter.doFilter(OncePerRequestFilter.java:116) ~[spring-web-7.0.5.jar:7.0.5]
	at org.springframework.security.web.ObservationFilterChainDecorator$ObservationFilter.wrapFilter(ObservationFilterChainDecorator.java:244) ~[spring-security-web-7.0.3.jar:7.0.3]
	at org.springframework.security.web.ObservationFilterChainDecorator$ObservationFilter.doFilter(ObservationFilterChainDecorator.java:231) ~[spring-security-web-7.0.3.jar:7.0.3]
	at org.springframework.security.web.ObservationFilterChainDecorator$VirtualFilterChain.doFilter(ObservationFilterChainDecorator.java:141) ~[spring-security-web-7.0.3.jar:7.0.3]
	at org.springframework.security.web.header.HeaderWriterFilter.doHeadersAfter(HeaderWriterFilter.java:90) ~[spring-security-web-7.0.3.jar:7.0.3]
	at org.springframework.security.web.header.HeaderWriterFilter.doFilterInternal(HeaderWriterFilter.java:75) ~[spring-security-web-7.0.3.jar:7.0.3]
	at org.springframework.web.filter.OncePerRequestFilter.doFilter(OncePerRequestFilter.java:116) ~[spring-web-7.0.5.jar:7.0.5]
	at org.springframework.security.web.ObservationFilterChainDecorator$ObservationFilter.wrapFilter(ObservationFilterChainDecorator.java:244) ~[spring-security-web-7.0.3.jar:7.0.3]
	at org.springframework.security.web.ObservationFilterChainDecorator$ObservationFilter.doFilter(ObservationFilterChainDecorator.java:231) ~[spring-security-web-7.0.3.jar:7.0.3]
	at org.springframework.security.web.ObservationFilterChainDecorator$VirtualFilterChain.doFilter(ObservationFilterChainDecorator.java:141) ~[spring-security-web-7.0.3.jar:7.0.3]
	at org.springframework.security.web.context.SecurityContextHolderFilter.doFilter(SecurityContextHolderFilter.java:82) ~[spring-security-web-7.0.3.jar:7.0.3]
	at org.springframework.security.web.context.SecurityContextHolderFilter.doFilter(SecurityContextHolderFilter.java:69) ~[spring-security-web-7.0.3.jar:7.0.3]
	at org.springframework.security.web.ObservationFilterChainDecorator$ObservationFilter.wrapFilter(ObservationFilterChainDecorator.java:244) ~[spring-security-web-7.0.3.jar:7.0.3]
	at org.springframework.security.web.ObservationFilterChainDecorator$ObservationFilter.doFilter(ObservationFilterChainDecorator.java:231) ~[spring-security-web-7.0.3.jar:7.0.3]
	at org.springframework.security.web.ObservationFilterChainDecorator$VirtualFilterChain.doFilter(ObservationFilterChainDecorator.java:141) ~[spring-security-web-7.0.3.jar:7.0.3]
	at org.springframework.security.web.context.request.async.WebAsyncManagerIntegrationFilter.doFilterInternal(WebAsyncManagerIntegrationFilter.java:62) ~[spring-security-web-7.0.3.jar:7.0.3]
	at org.springframework.web.filter.OncePerRequestFilter.doFilter(OncePerRequestFilter.java:116) ~[spring-web-7.0.5.jar:7.0.5]
	at org.springframework.security.web.ObservationFilterChainDecorator$ObservationFilter.wrapFilter(ObservationFilterChainDecorator.java:244) ~[spring-security-web-7.0.3.jar:7.0.3]
	at org.springframework.security.web.ObservationFilterChainDecorator$ObservationFilter.doFilter(ObservationFilterChainDecorator.java:231) ~[spring-security-web-7.0.3.jar:7.0.3]
	at org.springframework.security.web.ObservationFilterChainDecorator$VirtualFilterChain.doFilter(ObservationFilterChainDecorator.java:141) ~[spring-security-web-7.0.3.jar:7.0.3]
	at org.springframework.security.web.session.DisableEncodeUrlFilter.doFilterInternal(DisableEncodeUrlFilter.java:42) ~[spring-security-web-7.0.3.jar:7.0.3]
	at org.springframework.web.filter.OncePerRequestFilter.doFilter(OncePerRequestFilter.java:116) ~[spring-web-7.0.5.jar:7.0.5]
	at org.springframework.security.web.ObservationFilterChainDecorator$ObservationFilter.wrapFilter(ObservationFilterChainDecorator.java:244) ~[spring-security-web-7.0.3.jar:7.0.3]
	at org.springframework.security.web.ObservationFilterChainDecorator$AroundFilterObservation$SimpleAroundFilterObservation.lambda$wrap$0(ObservationFilterChainDecorator.java:337) ~[spring-security-web-7.0.3.jar:7.0.3]
	at org.springframework.security.web.ObservationFilterChainDecorator$ObservationFilter.doFilter(ObservationFilterChainDecorator.java:228) ~[spring-security-web-7.0.3.jar:7.0.3]
	at org.springframework.security.web.ObservationFilterChainDecorator$VirtualFilterChain.doFilter(ObservationFilterChainDecorator.java:141) ~[spring-security-web-7.0.3.jar:7.0.3]
	at org.springframework.security.web.FilterChainProxy.doFilterInternal(FilterChainProxy.java:237) ~[spring-security-web-7.0.3.jar:7.0.3]
	at org.springframework.security.web.FilterChainProxy.doFilter(FilterChainProxy.java:195) ~[spring-security-web-7.0.3.jar:7.0.3]
	at org.springframework.web.filter.CompositeFilter$VirtualFilterChain.doFilter(CompositeFilter.java:113) ~[spring-web-7.0.5.jar:7.0.5]
	at org.springframework.web.filter.ServletRequestPathFilter.doFilter(ServletRequestPathFilter.java:52) ~[spring-web-7.0.5.jar:7.0.5]
	at org.springframework.web.filter.CompositeFilter$VirtualFilterChain.doFilter(CompositeFilter.java:113) ~[spring-web-7.0.5.jar:7.0.5]
	at org.springframework.web.filter.CompositeFilter.doFilter(CompositeFilter.java:74) ~[spring-web-7.0.5.jar:7.0.5]
	at org.springframework.security.config.annotation.web.configuration.WebSecurityConfiguration$CompositeFilterChainProxy.doFilter(WebSecurityConfiguration.java:317) ~[spring-security-config-7.0.3.jar:7.0.3]
	at org.springframework.web.filter.DelegatingFilterProxy.invokeDelegate(DelegatingFilterProxy.java:355) ~[spring-web-7.0.5.jar:7.0.5]
	at org.springframework.web.filter.DelegatingFilterProxy.doFilter(DelegatingFilterProxy.java:272) ~[spring-web-7.0.5.jar:7.0.5]
	at org.apache.catalina.core.ApplicationFilterChain.doFilter(ApplicationFilterChain.java:107) ~[tomcat-embed-core-11.0.18.jar:11.0.18]
	at org.springframework.web.filter.RequestContextFilter.doFilterInternal(RequestContextFilter.java:100) ~[spring-web-7.0.5.jar:7.0.5]
	at org.springframework.web.filter.OncePerRequestFilter.doFilter(OncePerRequestFilter.java:116) ~[spring-web-7.0.5.jar:7.0.5]
	at org.apache.catalina.core.ApplicationFilterChain.doFilter(ApplicationFilterChain.java:107) ~[tomcat-embed-core-11.0.18.jar:11.0.18]
	at org.springframework.web.filter.FormContentFilter.doFilterInternal(FormContentFilter.java:93) ~[spring-web-7.0.5.jar:7.0.5]
	at org.springframework.web.filter.OncePerRequestFilter.doFilter(OncePerRequestFilter.java:116) ~[spring-web-7.0.5.jar:7.0.5]
	at org.apache.catalina.core.ApplicationFilterChain.doFilter(ApplicationFilterChain.java:107) ~[tomcat-embed-core-11.0.18.jar:11.0.18]
	at org.springframework.web.filter.ServerHttpObservationFilter.doFilterInternal(ServerHttpObservationFilter.java:110) ~[spring-web-7.0.5.jar:7.0.5]
	at org.springframework.web.filter.OncePerRequestFilter.doFilter(OncePerRequestFilter.java:116) ~[spring-web-7.0.5.jar:7.0.5]
	at org.apache.catalina.core.ApplicationFilterChain.doFilter(ApplicationFilterChain.java:107) ~[tomcat-embed-core-11.0.18.jar:11.0.18]
	at org.springframework.web.filter.CharacterEncodingFilter.doFilterInternal(CharacterEncodingFilter.java:199) ~[spring-web-7.0.5.jar:7.0.5]
	at org.springframework.web.filter.OncePerRequestFilter.doFilter(OncePerRequestFilter.java:116) ~[spring-web-7.0.5.jar:7.0.5]
	at org.apache.catalina.core.ApplicationFilterChain.doFilter(ApplicationFilterChain.java:107) ~[tomcat-embed-core-11.0.18.jar:11.0.18]
	at org.apache.catalina.core.StandardWrapperValve.invoke(StandardWrapperValve.java:165) ~[tomcat-embed-core-11.0.18.jar:11.0.18]
	at org.apache.catalina.core.StandardContextValve.invoke(StandardContextValve.java:77) ~[tomcat-embed-core-11.0.18.jar:11.0.18]
	at org.apache.catalina.authenticator.AuthenticatorBase.invoke(AuthenticatorBase.java:492) ~[tomcat-embed-core-11.0.18.jar:11.0.18]
	at org.apache.catalina.core.StandardHostValve.invoke(StandardHostValve.java:113) ~[tomcat-embed-core-11.0.18.jar:11.0.18]
	at org.apache.catalina.valves.ErrorReportValve.invoke(ErrorReportValve.java:83) ~[tomcat-embed-core-11.0.18.jar:11.0.18]
	at org.apache.catalina.core.StandardEngineValve.invoke(StandardEngineValve.java:72) ~[tomcat-embed-core-11.0.18.jar:11.0.18]
	at org.apache.catalina.connector.CoyoteAdapter.service(CoyoteAdapter.java:341) ~[tomcat-embed-core-11.0.18.jar:11.0.18]
	at org.apache.coyote.http11.Http11Processor.service(Http11Processor.java:397) ~[tomcat-embed-core-11.0.18.jar:11.0.18]
	at org.apache.coyote.AbstractProcessorLight.process(AbstractProcessorLight.java:63) ~[tomcat-embed-core-11.0.18.jar:11.0.18]
	at org.apache.coyote.AbstractProtocol$ConnectionHandler.process(AbstractProtocol.java:903) ~[tomcat-embed-core-11.0.18.jar:11.0.18]
	at org.apache.tomcat.util.net.NioEndpoint$SocketProcessor.doRun(NioEndpoint.java:1779) ~[tomcat-embed-core-11.0.18.jar:11.0.18]
	at org.apache.tomcat.util.net.SocketProcessorBase.run(SocketProcessorBase.java:52) ~[tomcat-embed-core-11.0.18.jar:11.0.18]
	at org.apache.tomcat.util.threads.ThreadPoolExecutor.runWorker(ThreadPoolExecutor.java:946) ~[tomcat-embed-core-11.0.18.jar:11.0.18]
	at org.apache.tomcat.util.threads.ThreadPoolExecutor$Worker.run(ThreadPoolExecutor.java:480) ~[tomcat-embed-core-11.0.18.jar:11.0.18]
	at org.apache.tomcat.util.threads.TaskThread$WrappingRunnable.run(TaskThread.java:57) ~[tomcat-embed-core-11.0.18.jar:11.0.18]
	at java.base/java.lang.Thread.run(Thread.java:1583) ~[na:na]
Caused by: org.hibernate.exception.SQLGrammarException: JDBC exception executing SQL [Unknown column 's1_0.badges' in 'field list'] [select s1_0.id,s1_0.ar_asset_url,s1_0.ar_preview_image_url,s1_0.artist_id,s1_0.badges,s1_0.created_at,s1_0.currency,s1_0.deleted_at,s1_0.depth_cm,s1_0.description,s1_0.edition_number,s1_0.edition_size,s1_0.genre,s1_0.height_cm,s1_0.is_limited_edition,s1_0.list_price,s1_0.material,s1_0.material_description,s1_0.name,s1_0.packaging_description,s1_0.packaging_title,s1_0.primary_image_url,s1_0.published_at,s1_0.sale_price,s1_0.sku_code,s1_0.sku_type,s1_0.slug,s1_0.spine_pictures_json,s1_0.status,s1_0.updated_at,s1_0.weight_kg,s1_0.width_cm from skus s1_0 where s1_0.status=? and s1_0.deleted_at is null limit ?]
	at org.hibernate.exception.internal.SQLExceptionTypeDelegate.convert(SQLExceptionTypeDelegate.java:64) ~[hibernate-core-7.2.4.Final.jar:7.2.4.Final]
	at org.hibernate.exception.internal.StandardSQLExceptionConverter.convert(StandardSQLExceptionConverter.java:34) ~[hibernate-core-7.2.4.Final.jar:7.2.4.Final]
	at org.hibernate.engine.jdbc.spi.SqlExceptionHelper.convert(SqlExceptionHelper.java:115) ~[hibernate-core-7.2.4.Final.jar:7.2.4.Final]
	at org.hibernate.sql.results.jdbc.internal.DeferredResultSetAccess.executeQuery(DeferredResultSetAccess.java:290) ~[hibernate-core-7.2.4.Final.jar:7.2.4.Final]
	at org.hibernate.sql.results.jdbc.internal.DeferredResultSetAccess.getResultSet(DeferredResultSetAccess.java:190) ~[hibernate-core-7.2.4.Final.jar:7.2.4.Final]
	at org.hibernate.sql.results.jdbc.internal.JdbcValuesResultSetImpl.<init>(JdbcValuesResultSetImpl.java:71) ~[hibernate-core-7.2.4.Final.jar:7.2.4.Final]
	at org.hibernate.sql.exec.internal.JdbcSelectExecutorStandardImpl.resolveJdbcValues(JdbcSelectExecutorStandardImpl.java:393) ~[hibernate-core-7.2.4.Final.jar:7.2.4.Final]
	at org.hibernate.sql.exec.internal.JdbcSelectExecutorStandardImpl.resolveJdbcValuesSource(JdbcSelectExecutorStandardImpl.java:354) ~[hibernate-core-7.2.4.Final.jar:7.2.4.Final]
	at org.hibernate.sql.exec.internal.JdbcSelectExecutorStandardImpl.doExecuteQuery(JdbcSelectExecutorStandardImpl.java:135) ~[hibernate-core-7.2.4.Final.jar:7.2.4.Final]
	at org.hibernate.sql.exec.internal.JdbcSelectExecutorStandardImpl.executeQuery(JdbcSelectExecutorStandardImpl.java:100) ~[hibernate-core-7.2.4.Final.jar:7.2.4.Final]
	at org.hibernate.sql.exec.spi.JdbcSelectExecutor.executeQuery(JdbcSelectExecutor.java:63) ~[hibernate-core-7.2.4.Final.jar:7.2.4.Final]
	at org.hibernate.sql.exec.spi.JdbcSelectExecutor.list(JdbcSelectExecutor.java:137) ~[hibernate-core-7.2.4.Final.jar:7.2.4.Final]
	at org.hibernate.query.sqm.internal.ConcreteSqmSelectQueryPlan.lambda$new$1(ConcreteSqmSelectQueryPlan.java:128) ~[hibernate-core-7.2.4.Final.jar:7.2.4.Final]
	at org.hibernate.query.sqm.internal.ConcreteSqmSelectQueryPlan.withCacheableSqmInterpretation(ConcreteSqmSelectQueryPlan.java:427) ~[hibernate-core-7.2.4.Final.jar:7.2.4.Final]
	at org.hibernate.query.sqm.internal.ConcreteSqmSelectQueryPlan.performList(ConcreteSqmSelectQueryPlan.java:355) ~[hibernate-core-7.2.4.Final.jar:7.2.4.Final]
	at org.hibernate.query.sqm.internal.SqmQueryImpl.doList(SqmQueryImpl.java:374) ~[hibernate-core-7.2.4.Final.jar:7.2.4.Final]
	at org.hibernate.query.spi.AbstractSelectionQuery.list(AbstractSelectionQuery.java:153) ~[hibernate-core-7.2.4.Final.jar:7.2.4.Final]
	at org.hibernate.query.Query.getResultList(Query.java:121) ~[hibernate-core-7.2.4.Final.jar:7.2.4.Final]
	at org.springframework.data.jpa.repository.query.JpaQueryExecution$PagedExecution.doExecute(JpaQueryExecution.java:287) ~[spring-data-jpa-4.0.3.jar:4.0.3]
	at org.springframework.data.jpa.repository.query.JpaQueryExecution.execute(JpaQueryExecution.java:99) ~[spring-data-jpa-4.0.3.jar:4.0.3]
	at org.springframework.data.jpa.repository.query.AbstractJpaQuery.doExecute(AbstractJpaQuery.java:164) ~[spring-data-jpa-4.0.3.jar:4.0.3]
	at org.springframework.data.jpa.repository.query.AbstractJpaQuery.execute(AbstractJpaQuery.java:154) ~[spring-data-jpa-4.0.3.jar:4.0.3]
	at org.springframework.data.repository.core.support.RepositoryMethodInvoker.doInvoke(RepositoryMethodInvoker.java:169) ~[spring-data-commons-4.0.3.jar:4.0.3]
	at org.springframework.data.repository.core.support.RepositoryMethodInvoker.invoke(RepositoryMethodInvoker.java:158) ~[spring-data-commons-4.0.3.jar:4.0.3]
	at org.springframework.data.repository.core.support.QueryExecutorMethodInterceptor.doInvoke(QueryExecutorMethodInterceptor.java:167) ~[spring-data-commons-4.0.3.jar:4.0.3]
	at org.springframework.data.repository.core.support.QueryExecutorMethodInterceptor.invoke(QueryExecutorMethodInterceptor.java:146) ~[spring-data-commons-4.0.3.jar:4.0.3]
	at org.springframework.aop.framework.ReflectiveMethodInvocation.proceed(ReflectiveMethodInvocation.java:179) ~[spring-aop-7.0.5.jar:7.0.5]
	at org.springframework.data.projection.DefaultMethodInvokingMethodInterceptor.invoke(DefaultMethodInvokingMethodInterceptor.java:69) ~[spring-data-commons-4.0.3.jar:4.0.3]
	at org.springframework.aop.framework.ReflectiveMethodInvocation.proceed(ReflectiveMethodInvocation.java:179) ~[spring-aop-7.0.5.jar:7.0.5]
	at org.springframework.transaction.interceptor.TransactionInterceptor$1.proceedWithInvocation(TransactionInterceptor.java:133) ~[spring-tx-7.0.5.jar:7.0.5]
	at org.springframework.transaction.interceptor.TransactionAspectSupport.invokeWithinTransaction(TransactionAspectSupport.java:371) ~[spring-tx-7.0.5.jar:7.0.5]
	at org.springframework.transaction.interceptor.TransactionInterceptor.invoke(TransactionInterceptor.java:130) ~[spring-tx-7.0.5.jar:7.0.5]
	at org.springframework.aop.framework.ReflectiveMethodInvocation.proceed(ReflectiveMethodInvocation.java:179) ~[spring-aop-7.0.5.jar:7.0.5]
	at org.springframework.dao.support.PersistenceExceptionTranslationInterceptor.invoke(PersistenceExceptionTranslationInterceptor.java:135) ~[spring-tx-7.0.5.jar:7.0.5]
	... 163 common frames omitted
Caused by: java.sql.SQLSyntaxErrorException: Unknown column 's1_0.badges' in 'field list'
	at com.mysql.cj.jdbc.exceptions.SQLError.createSQLException(SQLError.java:112) ~[mysql-connector-j-9.6.0.jar:9.6.0]
	at com.mysql.cj.jdbc.exceptions.SQLExceptionsMapping.translateException(SQLExceptionsMapping.java:114) ~[mysql-connector-j-9.6.0.jar:9.6.0]
	at com.mysql.cj.jdbc.ClientPreparedStatement.executeInternal(ClientPreparedStatement.java:988) ~[mysql-connector-j-9.6.0.jar:9.6.0]
	at com.mysql.cj.jdbc.ClientPreparedStatement.executeQuery(ClientPreparedStatement.java:1056) ~[mysql-connector-j-9.6.0.jar:9.6.0]
	at com.zaxxer.hikari.pool.ProxyPreparedStatement.executeQuery(ProxyPreparedStatement.java:52) ~[HikariCP-7.0.2.jar:na]
	at com.zaxxer.hikari.pool.HikariProxyPreparedStatement.executeQuery(HikariProxyPreparedStatement.java) ~[HikariCP-7.0.2.jar:na]
	at org.hibernate.sql.results.jdbc.internal.DeferredResultSetAccess.executeQuery(DeferredResultSetAccess.java:271) ~[hibernate-core-7.2.4.Final.jar:7.2.4.Final]
	... 193 common frames omitted

2026-06-03T14:49:02.869+09:00 DEBUG 19664 --- [koalaback] [nio-8080-exec-2] org.hibernate.SQL                        : 
    select
        s1_0.genre,
        count(s1_0.id) 
    from
        skus s1_0 
    where
        s1_0.status='ACTIVE' 
        and s1_0.deleted_at is null 
    group by
        s1_0.genre
2026-06-03T14:49:02.879+09:00  WARN 19664 --- [koalaback] [nio-8080-exec-9] .m.m.a.ExceptionHandlerExceptionResolver : Resolved [org.springframework.dao.InvalidDataAccessResourceUsageException: JDBC exception executing SQL [Unknown column 's1_0.badges' in 'field list'] [select s1_0.id,s1_0.ar_asset_url,s1_0.ar_preview_image_url,s1_0.artist_id,s1_0.badges,s1_0.created_at,s1_0.currency,s1_0.deleted_at,s1_0.depth_cm,s1_0.description,s1_0.edition_number,s1_0.edition_size,s1_0.genre,s1_0.height_cm,s1_0.is_limited_edition,s1_0.list_price,s1_0.material,s1_0.material_description,s1_0.name,s1_0.packaging_description,s1_0.packaging_title,s1_0.primary_image_url,s1_0.published_at,s1_0.sale_price,s1_0.sku_code,s1_0.sku_type,s1_0.slug,s1_0.spine_pictures_json,s1_0.status,s1_0.updated_at,s1_0.weight_kg,s1_0.width_cm from skus s1_0 where s1_0.status=? and s1_0.deleted_at is null limit ?]; SQL [select s1_0.id,s1_0.ar_asset_url,s1_0.ar_preview_image_url,s1_0.artist_id,s1_0.badges,s1_0.created_at,s1_0.currency,s1_0.deleted_at,s1_0.depth_cm,s1_0.description,s1_0.edition_number,s1_0.edition_size,s1_0.genre,s1_0.height_cm,s1_0.is_limited_edition,s1_0.list_price,s1_0.material,s1_0.material_description,s1_0.name,s1_0.packaging_description,s1_0.packaging_title,s1_0.primary_image_url,s1_0.published_at,s1_0.sale_price,s1_0.sku_code,s1_0.sku_type,s1_0.slug,s1_0.spine_pictures_json,s1_0.status,s1_0.updated_at,s1_0.weight_kg,s1_0.width_cm from skus s1_0 where s1_0.status=? and s1_0.deleted_at is null limit ?]]
2026-06-03T14:49:02.983+09:00  WARN 19664 --- [koalaback] [nio-8080-exec-4] .m.m.a.ExceptionHandlerExceptionResolver : Resolved [com.koala.koalaback.global.exception.BusinessException: 유효하지 않은 토큰입니다.]
2026-06-03T14:49:02.982+09:00  WARN 19664 --- [koalaback] [nio-8080-exec-5] .m.m.a.ExceptionHandlerExceptionResolver : Resolved [com.koala.koalaback.global.exception.BusinessException: 유효하지 않은 토큰입니다.]

> Task :bootRun FAILED

FAILURE: Build failed with an exception.

* What went wrong:
Execution failed for task ':bootRun'.
> Process 'command 'C:\Program Files\Eclipse Adoptium\jdk-21.0.7.6-hotspot\bin\java.exe'' finished with non-zero exit value 1

* Try:
> Run with --stacktrace option to get the stack trace.
> Run with --info or --debug option to get more log output.
> Run with --scan to get full insights from a Build Scan (powered by Develocity).
> Get more help at https://help.gradle.org.

BUILD FAILED in 2m 38s
4 actionable tasks: 3 executed, 1 up-to-date
